id,name,contact_phone,email,guardian_name,guardian_phone,skills_qualifications,disability_type,disability_subcategory,age,nationality,trainings_acquired,area_of_interest,current_status,institution_or_employer,suggested_suitability,aptitude_score_percent,aptitude_category,IQ_level
1,Anjali Thomas,971543321819,anjali.thomas.1@example.com,Ahmed Al Hosani,971524000000,"Data entry, Accounting basics",Intellectual,Mild intellectual disability,30,Indian,"Barista & cafe skills, Data entry, Customer service",Administration,Freelance,Not currently enrolled or employed,Supported employment with job coach,72,Good,98
2,Huda Al Hosani,971545940781,huda.al.hosani.2@example.com,Lucas Brown,971565000000,Bookkeeping,Learning,Dyslexia / learning difficulty,30,Syrian,,Education Support,Working,Freelance / Self-employed,Supervised admin tasks,74,Good,118
3,Zainab Al Neyadi,971584192832,zainab.al.neyadi.3@example.com,Sanjay Menon,971588000000,"Warehouse assistant, Handicrafts, Sales support",Intellectual,Mild intellectual disability,33,Emirati,"CNC basics, Customer service, Data entry",Retail,Studying,Company B (Hospitality),Hospitality support roles with routines,61,Average,97
4,Rashid Al Falasi,971566532871,rashid.al.falasi.4@example.com,Reema Singh,971523000000,"Data entry, IT support, Transcription",Intellectual,Moderate intellectual disability,49,Indian,"Barista & cafe skills, Hospitality training",Handicrafts & Art,Working,Company A (Retail),"Structured vocational roles (assembly, packaging)",88,Excellent,109
5,Ethan Hall,971522814893,ethan.hall.5@example.com,Hamad Al Ali,971528000000,Gardening,Hearing,Deaf,35,Emirati,,Hospitality,Unemployed,Not currently enrolled or employed,"Visual roles (data entry, graphic design)",57,Average,106
6,Mason Johnson,971527824896,mason.johnson.6@example.com,Mason Williams,971585000000,Gardening,Visual,Blind / no vision,30,Emirati,Special education support,Administration,Studying,Not currently enrolled or employed,IT roles with screen-reader support,58,Average,94
7,Fatima Al Mazroui,971525183473,fatima.al.mazroui.7@example.com,Asha Balakrishnan,971567000000,"Admin assistance, Customer support",Learning,Dyslexia / learning difficulty,43,Indian,,IT & Digital,Working,Community College Sharjah,Roles with assistive tech (auditory support),68,Average,77
8,Khalid Al Ali,971552624731,khalid.al.ali.8@example.com,Latifa Al Hosani,971508000000,Accounting basics,Intellectual,Moderate intellectual disability,29,British,"Basic IT (MS Office), Warehouse operations, Data entry",Technical Repair,Unemployed,Not currently enrolled or employed,Supported employment with job coach,39,Needs Support,93
9,Latifa Al Hammadi,971587234309,latifa.al.hammadi.9@example.com,Anjali Thomas,971540000000,Graphic design,Physical,Mobility impairment (wheelchair user),48,Emirati,,Sales & Marketing,Unemployed,Not currently enrolled or employed,Accessible admin/IT roles,49,Below Average,103
10,Rashid Al Neyadi,971569091699,rashid.al.neyadi.10@example.com,Farah Patel,971525000000,"Gardening, IT support, Graphic design",Hearing,Deaf,20,Emirati,Soft skills & communication,Handicrafts & Art,Studying,Community College Sharjah,"Visual roles (data entry, graphic design)",51,Average,83
11,Sophia Jones,971527849808,sophia.jones.11@example.com,Aisha Al Muhairi,971541000000,"Social media management, Content writing, Sales support",Visual,Blind / no vision,37,Emirati,"Advanced IT (Web dev), Graphic design",Sales & Marketing,Working,Special Needs Centre Ras Al Khaimah,"Audio-based roles (call center, voice transcription)",86,Excellent,97
12,Ali Al Hammadi,971542786801,ali.al.hammadi.12@example.com,Ali Al Ali,971506000000,Kitchen assistant,Hearing,Hard of hearing,39,American,Sign language (advanced),Sales & Marketing,Studying,Company B (Hospitality),On-site assembly/packing,66,Average,82
13,Noah Williams,971522260256,noah.williams.13@example.com,Olivia Jones,971522000000,Bookkeeping,Hearing,Deaf,35,Bangladeshi,,Sales & Marketing,Studying,Community College Sharjah,On-site assembly/packing,56,Average,101
14,Ethan Taylor,971588685014,ethan.taylor.14@example.com,Hessa Al Mazroui,971510000000,Social media management,Physical,Limb loss / amputation,40,American,,Accounting/Finance,Working,Company B (Hospitality),Supervised workshop tasks,47,Below Average,104
15,Asha Thomas,971583561595,asha.thomas.15@example.com,Ravi Thomas,971548000000,"Accounting basics, Gardening",Visual,Low vision,28,Indian,"Warehouse operations, Life skills & mobility training",Creative/Design,Studying,Special Needs Centre Ras Al Khaimah,"Audio-based roles (call center, voice transcription)",55,Average,96
16,Rashid Al Qubaisi,971585777387,rashid.al.qubaisi.16@example.com,Ibrahim Thomas,971521000000,Web development,Learning,Dyslexia / learning difficulty,35,Emirati,,IT & Digital,Studying,Company A (Retail),Hands-on vocational work,55,Average,122
17,Emma Clark,971559367632,emma.clark.17@example.com,Anjali Singh,971526000000,"Content writing, Transcription",Visual,Blind / no vision,23,Indian,"CNC basics, Soft skills & communication",Education Support,Unemployed,Not currently enrolled or employed,IT roles with screen-reader support,64,Average,87
18,Hamad Al Rumaithi,971527743487,hamad.al.rumaithi.18@example.com,Sanjay Cherian,971504000000,"Web development, Handicrafts, Graphic design",Visual,Low vision,25,Emirati,"Mobile phone repair, Barista & cafe skills, Life skills & mobility training",Customer Service,Working,Online training - Coursera,"Tactile/vocational roles (tailoring, assembly)",77,Good,85
19,Rashid Al Rumaithi,971509670546,rashid.al.rumaithi.19@example.com,Lucas Hall,971589000000,"Security, Accounting basics, Admin assistance",Intellectual,Moderate intellectual disability,17,Indian,Project-based training (3 months),Logistics & Warehouse,Studying,Private School Abu Dhabi,Hospitality support roles with routines,68,Average,76
20,Anjali Singh,971586272046,anjali.singh.20@example.com,Sara Al Blooshi,971546000000,"Bookkeeping, Graphic design",Mental Health,Chronic mental health condition,50,Emirati,,Data & Analytics,Studying,Online training - Coursera,Flexible hours roles (remote work),45,Below Average,102
21,Amelia Johnson,971522719374,amelia.johnson.21@example.com,Neha Balakrishnan,971561000000,"Security, Handicrafts",Autism,Autism Spectrum Disorder - Low support,59,American,,Agriculture/Gardening,Vocational training,Freelance / Self-employed,"IT & structured tasks (data, QA)",76,Good,102
22,Noor Al Hammadi,971561905865,noor.al.hammadi.22@example.com,Saeed Al Mazroui,971527000000,"Social media management, Transcription, Sales support",Intellectual,Mild intellectual disability,27,Jordanian,"Mobile phone repair, Special education support, Data entry",Manufacturing,Unemployed,Not currently enrolled or employed,"Structured vocational roles (assembly, packaging)",63,Average,96
23,Sara Al Neyadi,971527996507,sara.al.neyadi.23@example.com,Noah Clark,971525000000,Bookkeeping,Physical,Mobility impairment (wheelchair user),49,Other,"Online freelancing (Upwork), Life skills & mobility training, Sign language (advanced)",Accounting/Finance,Working,Not currently enrolled or employed,Accessible admin/IT roles,42,Below Average,91
24,Ahmed Al Hosani,971543634957,ahmed.al.hosani.24@example.com,Priya Reddy,971589000000,"IT support, Transcription",Visual,Blind / no vision,23,Jordanian,Sign language (basic),Administration,Unemployed,Not currently enrolled or employed,"Tactile/vocational roles (tailoring, assembly)",58,Average,112
25,Ibrahim Mohan,971564134352,ibrahim.mohan.25@example.com,Latifa Al Muhairi,971540000000,"Sales support, Admin assistance",Multiple,Multiple disabilities,16,Pakistani,"Vocational tailoring, Advanced IT (Web dev)",Handicrafts & Art,Freelance,Not currently enrolled or employed,Customized supported employment plan,70,Good,78
26,Reema Singh,971557190229,reema.singh.26@example.com,Emma Williams,971509000000,"Gardening, Assembly & packing",Intellectual,Mild intellectual disability,44,American,"Special education support, Advanced IT (Web dev)",Agriculture/Gardening,Freelance,Not currently enrolled or employed,"Structured vocational roles (assembly, packaging)",69,Average,95
27,Olivia Williams,971541232812,olivia.williams.27@example.com,Sara Al Rumaithi,971567000000,"Gardening, Handicrafts",Physical,Limb loss / amputation,59,Emirati,"Hospitality training, Life skills & mobility training, Sign language (advanced)",Sales & Marketing,Studying,Special Needs Centre Ras Al Khaimah,"Remote/desk roles (customer support, data entry)",54,Average,107
28,Hamad Al Mansoori,971569471746,hamad.al.mansoori.28@example.com,Mason Hall,971557000000,"Gardening, Tailoring, Data entry",Hearing,Hard of hearing,17,Emirati,"Special education support, Advanced IT (Web dev)",Data & Analytics,Unemployed,Not currently enrolled or employed,On-site assembly/packing,80,Good,111
29,Maya Patel,971529671756,maya.patel.29@example.com,Aisha Al Muhairi,971547000000,Security,Physical,Limb loss / amputation,36,Indian,,Sales & Marketing,Unemployed,Not currently enrolled or employed,Accessible admin/IT roles,52,Average,96
30,Khalid Al Ali,971549770348,khalid.al.ali.30@example.com,Noor Al Shamsi,971587000000,Bookkeeping,Autism,Autism Spectrum Disorder - High support,16,Pakistani,,Customer Service,Freelance,Not currently enrolled or employed,Supported workplace with routine,69,Average,111
31,Mia Jones,971564677378,mia.jones.31@example.com,Khalid Al Qubaisi,971562000000,"Gardening, Tailoring",Multiple,Multiple disabilities,16,Indian,"Customer service, CNC basics, Life skills & mobility training",Customer Service,Working,Company B (Hospitality),Customized supported employment plan,57,Average,97
32,Anoop Cherian,971543396360,anoop.cherian.32@example.com,Omar Al Rumaithi,971527000000,"IT support, Content writing",Autism,Autism Spectrum Disorder - Low support,37,British,"Basic IT (MS Office), Customer service, Mobile phone repair",Creative/Design,Vocational training,Gulf Vocational Center,"IT & structured tasks (data, QA)",48,Below Average,85
33,Sanjay Varma,971566158657,sanjay.varma.33@example.com,Liam Allen,971503000000,Customer support,Intellectual,Moderate intellectual disability,26,Egyptian,"Advanced IT (Web dev), Bookkeeping",Manufacturing,Working,Gulf Vocational Center,"Structured vocational roles (assembly, packaging)",77,Good,116
34,Deepa Menon,971522221969,deepa.menon.34@example.com,Maya Balakrishnan,971524000000,Admin assistance,Hearing,Hard of hearing,59,Pakistani,"Special education support, Bookkeeping",Sales & Marketing,Freelance,Not currently enrolled or employed,Back-office admin roles,63,Average,112
35,Noor Al Neyadi,971557136959,noor.al.neyadi.35@example.com,Noor Al Mazroui,971526000000,Tailoring,Multiple,Multiple disabilities,34,Syrian,"Sign language (advanced), Sign language (basic)",Agriculture/Gardening,Working,Not currently enrolled or employed,Customized supported employment plan,70,Good,92
36,Rahul Nair,971581047095,rahul.nair.36@example.com,Ravi Patel,971546000000,"Sales support, Retail cashier",Autism,Autism Spectrum Disorder - High support,33,Bangladeshi,"Hospitality training, CNC basics",Hospitality,Studying,Online training - Coursera,Supported workplace with routine,70,Good,118
37,Anoop Mohan,971541604817,anoop.mohan.37@example.com,Hessa Al Qubaisi,971555000000,Admin assistance,Hearing,Deaf,55,Emirati,"Mobile phone repair, Hospitality training",Retail,Studying,Technical College Abu Dhabi,On-site assembly/packing,64,Average,118
38,Emma Brown,971528267586,emma.brown.38@example.com,Asha Nair,971552000000,Kitchen assistant,Visual,Blind / no vision,44,Indian,,Sales & Marketing,Working,Freelance / Self-employed,"Tactile/vocational roles (tailoring, assembly)",30,Needs Support,109
39,Hessa Al Neyadi,971507139005,hessa.al.neyadi.39@example.com,Ali Al Qubaisi,971522000000,"Data entry, Social media management, Web development",Speech,Speech impairment,25,Syrian,Life skills & mobility training,Handicrafts & Art,Unemployed,Not currently enrolled or employed,"Back-office roles (data entry, admin)",66,Average,96
40,Anjali Nair,971505395024,anjali.nair.40@example.com,Yusuf Al Ali,971502000000,"Customer support, Content writing, Retail cashier",Intellectual,Moderate intellectual disability,48,Emirati,"Basic IT (MS Office), Advanced IT (Web dev), Online freelancing (Upwork)",Creative/Design,Working,Freelance / Self-employed,"Structured vocational roles (assembly, packaging)",66,Average,76
41,Farah Cherian,971501592124,farah.cherian.41@example.com,Deepa Mohan,971586000000,"IT support, Transcription, Handicrafts",Autism,Autism Spectrum Disorder - Low support,43,Emirati,"CNC basics, Sign language (advanced), Mobile phone repair",Manufacturing,Unemployed,Not currently enrolled or employed,Creative/design with clear briefs,61,Average,104
42,Aisha Al Blooshi,971555452711,aisha.al.blooshi.42@example.com,Emma Davis,971505000000,"Assembly & packing, Customer support",Hearing,Deaf,58,Emirati,"Project-based training (3 months), Bookkeeping",Manufacturing,Studying,Company B (Hospitality),"Visual roles (data entry, graphic design)",87,Excellent,93
43,Omar Al Neyadi,971521585149,omar.al.neyadi.43@example.com,Yusuf Al Ali,971530000000,"Warehouse assistant, Kitchen assistant",Visual,Low vision,33,Egyptian,,Retail,Unemployed,Not currently enrolled or employed,IT roles with screen-reader support,52,Average,93
44,Ravi Nair,971580183667,ravi.nair.44@example.com,Zainab Al Mansoori,971586000000,Social media management,Speech,Speech impairment,55,Emirati,"Mobile phone repair, Online freelancing (Upwork), CNC basics",Education Support,Working,Company B (Hospitality),"Back-office roles (data entry, admin)",78,Good,103
45,Aisha Al Mansoori,971589784036,aisha.al.mansoori.45@example.com,Liam Smith,971524000000,Web development,Physical,Mobility impairment (wheelchair user),47,Jordanian,"Life skills & mobility training, Sign language (advanced), Soft skills & communication",Logistics & Warehouse,Unemployed,Not currently enrolled or employed,Accessible admin/IT roles,57,Average,106
46,Mohammed Al Falasi,971507159696,mohammed.al.falasi.46@example.com,Anoop Patel,971506000000,Assembly & packing,Physical,Limb loss / amputation,43,British,"Soft skills & communication, Graphic design, Warehouse operations",Creative/Design,Working,Community College Sharjah,"Remote/desk roles (customer support, data entry)",66,Average,111
47,Hamad Al Hosani,971561883552,hamad.al.hosani.47@example.com,Ali Al Mansoori,971523000000,"Gardening, Warehouse assistant",Speech,Speech impairment,52,Jordanian,"Customer service, CNC basics",Hospitality,Working,Freelance / Self-employed,IT & digital work,54,Average,96
48,Deepa Kumar,971548147700,deepa.kumar.48@example.com,Noor Al Hosani,971582000000,"Handicrafts, Warehouse assistant, Sales support",Autism,Autism Spectrum Disorder - High support,18,Indian,Advanced IT (Web dev),Customer Service,Studying,Community College Sharjah,Supported workplace with routine,59,Average,82
49,Hamad Al Mazroui,971527788925,hamad.al.mazroui.49@example.com,Noor Al Falasi,971556000000,"Tailoring, Web development",Autism,Autism Spectrum Disorder - High support,59,Indian,"Graphic design, Special education support",Sales & Marketing,Studying,Community College Sharjah,Creative/design with clear briefs,69,Average,103
50,Lucas Johnson,971561486528,lucas.johnson.50@example.com,Yusuf Al Ali,971541000000,Graphic design,Visual,Blind / no vision,30,Other,"Hospitality training, Soft skills & communication",Data & Analytics,Working,Not currently enrolled or employed,IT roles with screen-reader support,65,Average,97
51,Saeed Al Qubaisi,971529622292,saeed.al.qubaisi.51@example.com,Anjali Reddy,971544000000,"Handicrafts, Kitchen assistant",Visual,Blind / no vision,35,Other,"CNC basics, Bookkeeping, Warehouse operations",Logistics & Warehouse,Working,Gulf Vocational Center,"Audio-based roles (call center, voice transcription)",43,Below Average,94
52,Noah Jones,971507581814,noah.jones.52@example.com,Hamad Al Mansoori,971558000000,"Kitchen assistant, Bookkeeping, Security",Physical,Mobility impairment (wheelchair user),42,Emirati,,Manufacturing,Studying,Community College Sharjah,"Remote/desk roles (customer support, data entry)",59,Average,90
53,Sophia Johnson,971520472779,sophia.johnson.53@example.com,Fatima Al Mazroui,971543000000,Customer support,Speech,Speech impairment,34,Emirati,Mobile phone repair,Sales & Marketing,Unemployed,Not currently enrolled or employed,IT & digital work,62,Average,104
54,Omar Al Qubaisi,971560893246,omar.al.qubaisi.54@example.com,Zainab Al Neyadi,971566000000,"Transcription, Data entry, Security",Autism,Autism Spectrum Disorder - High support,48,Syrian,"Advanced IT (Web dev), Warehouse operations, Retail operations",Handicrafts & Art,Unemployed,Not currently enrolled or employed,Creative/design with clear briefs,93,Excellent,102
55,Priya Raj,971581952058,priya.raj.55@example.com,Hamad Al Hammadi,971557000000,Warehouse assistant,Visual,Blind / no vision,18,Bangladeshi,"Soft skills & communication, Warehouse operations",Creative/Design,Working,Special Needs Centre Ras Al Khaimah,"Audio-based roles (call center, voice transcription)",68,Average,99
56,Arjun Patel,971540541566,arjun.patel.56@example.com,Farah Reddy,971543000000,"Accounting basics, Transcription, Retail cashier",Mental Health,Chronic mental health condition,43,Emirati,"Hospitality training, Graphic design",Manufacturing,Vocational training,Special Needs Centre Ras Al Khaimah,Supportive workplace (part-time),36,Needs Support,99
57,Anoop Nair,971587570596,anoop.nair.57@example.com,Mohammed Al Hosani,971587000000,Bookkeeping,Learning,Dyslexia / learning difficulty,44,Emirati,"Retail operations, Warehouse operations",Agriculture/Gardening,Studying,Gulf Vocational Center,Hands-on vocational work,65,Average,129
58,Zainab Al Blooshi,971551928565,zainab.al.blooshi.58@example.com,Arjun Singh,971503000000,Tailoring,Speech,Speech impairment,32,Egyptian,"Online freelancing (Upwork), Sign language (basic)",Hospitality,Studying,Higher Learning Dubai,IT & digital work,62,Average,103
59,Sara Al Hosani,971525518844,sara.al.hosani.59@example.com,Noah Taylor,971563000000,"Transcription, Web development",Hearing,Deaf,51,Pakistani,,Hospitality,Working,Not currently enrolled or employed,Back-office admin roles,64,Average,85
60,Anoop Reddy,971529125177,anoop.reddy.60@example.com,Priya Nair,971529000000,"Accounting basics, Tailoring",Multiple,Multiple disabilities,23,Pakistani,"Sign language (advanced), Retail operations",Logistics & Warehouse,Unemployed,Not currently enrolled or employed,Customized supported employment plan,82,Good,109
61,Ethan Williams,971588424981,ethan.williams.61@example.com,Neha Balakrishnan,971562000000,"Gardening, Social media management, Handicrafts",Multiple,Multiple disabilities,17,Emirati,"Project-based training (3 months), Basic IT (MS Office), Online freelancing (Upwork)",Technical Repair,Vocational training,Special Needs Centre Ras Al Khaimah,Customized supported employment plan,76,Good,89
62,Sanjay Cherian,971526471027,sanjay.cherian.62@example.com,Sara Al Neyadi,971549000000,Warehouse assistant,Speech,Speech impairment,39,Pakistani,CNC basics,Hospitality,Working,Online training - Coursera,"Back-office roles (data entry, admin)",86,Excellent,83
63,Noor Al Falasi,971529632595,noor.al.falasi.63@example.com,Hamad Al Shamsi,971568000000,Gardening,Autism,Autism Spectrum Disorder - High support,45,Other,"Advanced IT (Web dev), Project-based training (3 months)",Handicrafts & Art,Working,Freelance / Self-employed,Supported workplace with routine,73,Good,126
64,Kamal Kumar,971521624565,kamal.kumar.64@example.com,Mohammed Al Qubaisi,971564000000,"Tailoring, IT support, Web development",Intellectual,Moderate intellectual disability,51,Indian,,Education Support,Working,Community College Sharjah,Hospitality support roles with routines,50,Average,93
65,Noah Williams,971568680002,noah.williams.65@example.com,Ibrahim Cherian,971567000000,"Retail cashier, Gardening, Warehouse assistant",Hearing,Deaf,26,Indian,"Special education support, Bookkeeping, Online freelancing (Upwork)",Creative/Design,Studying,Community College Sharjah,Back-office admin roles,66,Average,93
66,Yusuf Al Qubaisi,971540974993,yusuf.al.qubaisi.66@example.com,Deepa Cherian,971529000000,"Warehouse assistant, Assembly & packing",Mental Health,Chronic mental health condition,23,Emirati,Mobile phone repair,Accounting/Finance,Studying,Company B (Hospitality),Creative/artisan roles,41,Below Average,100
67,Liam Johnson,971563857865,liam.johnson.67@example.com,Mia Hall,971549000000,"Retail cashier, Handicrafts",Hearing,Hard of hearing,51,Indian,"Barista & cafe skills, Online freelancing (Upwork), Retail operations",Logistics & Warehouse,Freelance,Not currently enrolled or employed,Back-office admin roles,49,Below Average,105
68,Aisha Al Qubaisi,971588665240,aisha.al.qubaisi.68@example.com,Fatima Al Blooshi,971555000000,"Gardening, Bookkeeping, Tailoring",Mental Health,Chronic mental health condition,33,Emirati,,Sales & Marketing,Freelance,Not currently enrolled or employed,Flexible hours roles (remote work),51,Average,118
69,Anjali Singh,971555712082,anjali.singh.69@example.com,Omar Al Shamsi,971583000000,Accounting basics,Visual,Blind / no vision,50,Jordanian,"Vocational tailoring, Advanced IT (Web dev), Warehouse operations",Data & Analytics,Working,Not currently enrolled or employed,"Tactile/vocational roles (tailoring, assembly)",53,Average,96
70,Liam Jones,971569154788,liam.jones.70@example.com,Neha Mohan,971554000000,"Retail cashier, Gardening",Mental Health,Chronic mental health condition,27,Emirati,Vocational tailoring,Agriculture/Gardening,Unemployed,Not currently enrolled or employed,Supportive workplace (part-time),77,Good,85
71,Mason Taylor,971506122753,mason.taylor.71@example.com,Huda Al Neyadi,971555000000,IT support,Learning,Dyslexia / learning difficulty,39,Egyptian,"Bookkeeping, Vocational tailoring, Warehouse operations",Sales & Marketing,Working,Not currently enrolled or employed,Supervised admin tasks,68,Average,115
72,Rahul Patel,971549332727,rahul.patel.72@example.com,Deepa Varma,971559000000,"Graphic design, Gardening",Autism,Autism Spectrum Disorder - High support,44,Pakistani,,IT & Digital,Unemployed,Not currently enrolled or employed,Supported workplace with routine,40,Below Average,102
73,Latifa Al Muhairi,971525871397,latifa.al.muhairi.73@example.com,Majid Al Shamsi,971521000000,"Data entry, Security",Physical,Mobility impairment (wheelchair user),51,Indian,"Basic IT (MS Office), Sign language (basic)",Agriculture/Gardening,Studying,Private School Abu Dhabi,Accessible admin/IT roles,68,Average,109
74,Kamal Kumar,971507046226,kamal.kumar.74@example.com,Huda Al Shamsi,971527000000,Bookkeeping,Visual,Low vision,50,Indian,,Data & Analytics,Studying,Special Needs Centre Ras Al Khaimah,"Tactile/vocational roles (tailoring, assembly)",46,Below Average,84
75,Kamal Reddy,971566337524,kamal.reddy.75@example.com,Aisha Al Mazroui,971527000000,"Customer support, Bookkeeping, Tailoring",Autism,Autism Spectrum Disorder - Low support,18,Indian,"CNC basics, Sign language (advanced), Life skills & mobility training",Administration,Unemployed,Not currently enrolled or employed,"IT & structured tasks (data, QA)",72,Good,103
76,Noor Al Neyadi,971529599534,noor.al.neyadi.76@example.com,Mason Williams,971554000000,"Security, Content writing",Autism,Autism Spectrum Disorder - High support,47,Emirati,"Mobile phone repair, Project-based training (3 months)",Retail,Working,Gulf Vocational Center,Supported workplace with routine,68,Average,104
77,Reema Raj,971542708668,reema.raj.77@example.com,Anoop Raj,971544000000,"Tailoring, Customer support",Mental Health,Chronic mental health condition,28,Emirati,,Administration,Unemployed,Not currently enrolled or employed,Creative/artisan roles,54,Average,102
78,Kamal Raj,971553540331,kamal.raj.78@example.com,Ibrahim Cherian,971529000000,"Retail cashier, Social media management",Intellectual,Mild intellectual disability,45,Pakistani,"Soft skills & communication, Online freelancing (Upwork)",Customer Service,Studying,Not currently enrolled or employed,Supported employment with job coach,69,Average,91
79,Priya Raj,971545609320,priya.raj.79@example.com,Rashid Al Qubaisi,971586000000,"Warehouse assistant, Social media management, Sales support",Autism,Autism Spectrum Disorder - Low support,31,Indian,"CNC basics, Vocational tailoring, Retail operations",Retail,Studying,Company B (Hospitality),Creative/design with clear briefs,92,Excellent,105
80,Latifa Al Hammadi,971508010062,latifa.al.hammadi.80@example.com,Olivia Brown,971582000000,"Sales support, Tailoring, Data entry",Autism,Autism Spectrum Disorder - Low support,56,Egyptian,,Logistics & Warehouse,Vocational training,Technical College Abu Dhabi,"IT & structured tasks (data, QA)",47,Below Average,107
81,Sanjay Mohan,971540862118,sanjay.mohan.81@example.com,Khalid Al Qubaisi,971565000000,"Bookkeeping, Retail cashier, Graphic design",Intellectual,Moderate intellectual disability,52,Emirati,,Hospitality,Working,Private School Abu Dhabi,Hospitality support roles with routines,50,Average,109
82,Rahul Kumar,971582176591,rahul.kumar.82@example.com,Liam Williams,971530000000,"Data entry, Handicrafts",Autism,Autism Spectrum Disorder - Low support,58,Emirati,Warehouse operations,Technical Repair,Studying,Gulf Vocational Center,Supported workplace with routine,82,Good,90
83,Huda Al Hammadi,971565621850,huda.al.hammadi.83@example.com,Salma Al Hosani,971550000000,"Transcription, Security",Speech,Speech impairment,44,Indian,"Vocational tailoring, Special education support, Warehouse operations",Hospitality,Unemployed,Not currently enrolled or employed,IT & digital work,79,Good,104
84,Asha Singh,971504262655,asha.singh.84@example.com,Ahmed Al Mansoori,971555000000,"IT support, Data entry",Intellectual,Moderate intellectual disability,51,Pakistani,,Manufacturing,Vocational training,Company C (IT services),Hospitality support roles with routines,77,Good,122
85,Reema Reddy,971504661839,reema.reddy.85@example.com,Rahul Reddy,971522000000,"Sales support, Graphic design",Visual,Low vision,43,Indian,"Data entry, Sign language (advanced)",Accounting/Finance,Vocational training,Company C (IT services),IT roles with screen-reader support,61,Average,90
86,Aisha Al Muhairi,971540659657,aisha.al.muhairi.86@example.com,Mariam Al Muhairi,971546000000,"Sales support, Gardening, Bookkeeping",Hearing,Deaf,34,Jordanian,"Warehouse operations, Data entry",Creative/Design,Unemployed,Not currently enrolled or employed,On-site assembly/packing,51,Average,90
87,Rashid Al Neyadi,971568280737,rashid.al.neyadi.87@example.com,Reema Thomas,971507000000,Admin assistance,Mental Health,Chronic mental health condition,43,Syrian,"Special education support, Warehouse operations, Life skills & mobility training",Logistics & Warehouse,Freelance,Not currently enrolled or employed,Creative/artisan roles,63,Average,104
88,Mohammed Al Blooshi,971588911352,mohammed.al.blooshi.88@example.com,Anjali Balakrishnan,971587000000,"Gardening, Tailoring, Bookkeeping",Visual,Blind / no vision,48,Jordanian,"Retail operations, Warehouse operations, CNC basics",Data & Analytics,Vocational training,Not currently enrolled or employed,IT roles with screen-reader support,69,Average,109
89,Ahmed Al Shamsi,971504611254,ahmed.al.shamsi.89@example.com,Khalid Al Ali,971556000000,Data entry,Hearing,Hard of hearing,18,Bangladeshi,"Hospitality training, Vocational tailoring",Technical Repair,Freelance,Not currently enrolled or employed,"Visual roles (data entry, graphic design)",65,Average,117
90,Kamal Nair,971548673622,kamal.nair.90@example.com,Anoop Reddy,971509000000,"Graphic design, Gardening, IT support",Mental Health,Chronic mental health condition,29,Emirati,Retail operations,Manufacturing,Studying,Higher Learning Dubai,Supportive workplace (part-time),61,Average,132
91,Maya Mohan,971585969691,maya.mohan.91@example.com,Sara Al Qubaisi,971525000000,"Web development, Content writing",Visual,Blind / no vision,35,Emirati,"Mobile phone repair, Customer service, Warehouse operations",Education Support,Studying,Freelance / Self-employed,IT roles with screen-reader support,74,Good,89
92,Rahul Nair,971562742257,rahul.nair.92@example.com,Reema Varma,971507000000,"Admin assistance, Sales support, Accounting basics",Intellectual,Mild intellectual disability,59,Indian,,Agriculture/Gardening,Studying,Online training - Coursera,Supported employment with job coach,48,Below Average,105
93,Salma Al Ali,971542797881,salma.al.ali.93@example.com,Sanjay Mohan,971526000000,"Customer support, Admin assistance",Physical,Limb loss / amputation,57,Jordanian,"Retail operations, Graphic design",Customer Service,Unemployed,Not currently enrolled or employed,"Remote/desk roles (customer support, data entry)",61,Average,108
94,Arjun Raj,971529596292,arjun.raj.94@example.com,Reema Raj,971521000000,"Retail cashier, Gardening",Visual,Low vision,36,Other,"Soft skills & communication, Hospitality training",Retail,Freelance,Not currently enrolled or employed,"Tactile/vocational roles (tailoring, assembly)",72,Good,99
95,Ethan Johnson,971582325367,ethan.johnson.95@example.com,Hessa Al Hammadi,971557000000,"Warehouse assistant, Gardening",Mental Health,Chronic mental health condition,39,Indian,,Creative/Design,Unemployed,Not currently enrolled or employed,Creative/artisan roles,52,Average,81
96,Sara Al Hammadi,971585186363,sara.al.hammadi.96@example.com,Priya Patel,971549000000,"Data entry, IT support",Physical,Mobility impairment (wheelchair user),22,Filipino,CNC basics,Customer Service,Studying,Private School Abu Dhabi,"Remote/desk roles (customer support, data entry)",58,Average,110
97,Noah Jones,971524154152,noah.jones.97@example.com,Noor Al Rumaithi,971584000000,"Admin assistance, Data entry, Gardening",Physical,Limb loss / amputation,24,Filipino,"Hospitality training, Mobile phone repair",Accounting/Finance,Studying,Higher Learning Dubai,"Remote/desk roles (customer support, data entry)",68,Average,85
98,Aisha Al Hosani,971545426221,aisha.al.hosani.98@example.com,Anjali Balakrishnan,971583000000,IT support,Learning,Dyslexia / learning difficulty,44,British,Hospitality training,Agriculture/Gardening,Unemployed,Not currently enrolled or employed,Supervised admin tasks,67,Average,104
99,Sophia Johnson,971524138999,sophia.johnson.99@example.com,Ahmed Al Hammadi,971544000000,Sales support,Learning,Dyslexia / learning difficulty,19,Syrian,"Hospitality training, Sign language (advanced), Online freelancing (Upwork)",Sales & Marketing,Vocational training,Company B (Hospitality),Roles with assistive tech (auditory support),51,Average,101
100,Sophia Johnson,971559658271,sophia.johnson.100@example.com,Fatima Al Mazroui,971543000000,"Graphic design, Transcription",Speech,Speech impairment,42,Indian,Data entry,Hospitality,Working,Company B (Hospitality),"Back-office roles (data entry, admin)",65,Average,86
101,Noah Hall,971546914630,noah.hall.101@example.com,Yusuf Al Hosani,971560000000,Sales support,Mental Health,Chronic mental health condition,24,Egyptian,"Soft skills & communication, Project-based training (3 months)",Data & Analytics,Unemployed,Not currently enrolled or employed,Supportive workplace (part-time),70,Good,106
102,Ali Al Rumaithi,971524105648,ali.al.rumaithi.102@example.com,Rashid Al Hammadi,971508000000,Gardening,Visual,Low vision,39,Emirati,,Administration,Unemployed,Not currently enrolled or employed,"Audio-based roles (call center, voice transcription)",81,Good,112
103,Ahmed Al Neyadi,971507562208,ahmed.al.neyadi.103@example.com,Lucas Williams,971544000000,Accounting basics,Physical,Limb loss / amputation,48,Egyptian,Soft skills & communication,IT & Digital,Freelance,Not currently enrolled or employed,"Remote/desk roles (customer support, data entry)",44,Below Average,88
104,Ethan Jones,971541870534,ethan.jones.104@example.com,Sanjay Thomas,971564000000,"Data entry, Bookkeeping",Speech,Speech impairment,31,Emirati,"Basic IT (MS Office), Barista & cafe skills",IT & Digital,Unemployed,Not currently enrolled or employed,IT & digital work,72,Good,106
105,Ethan Brown,971528367024,ethan.brown.105@example.com,Salma Al Ali,971556000000,"Customer support, Assembly & packing, Web development",Learning,Dyslexia / learning difficulty,41,Emirati,Bookkeeping,Handicrafts & Art,Unemployed,Not currently enrolled or employed,Supervised admin tasks,72,Good,140
106,Asha Varma,971547431329,asha.varma.106@example.com,Aisha Al Muhairi,971558000000,Graphic design,Intellectual,Moderate intellectual disability,35,Indian,Bookkeeping,Creative/Design,Unemployed,Not currently enrolled or employed,Hospitality support roles with routines,73,Good,113
107,Saeed Al Muhairi,971503568044,saeed.al.muhairi.107@example.com,Noah Smith,971558000000,Bookkeeping,Speech,Speech impairment,24,Emirati,Sign language (basic),Creative/Design,Working,Freelance / Self-employed,Graphic design/creative roles,79,Good,107
108,Emma Allen,971564101372,emma.allen.108@example.com,Saeed Al Hosani,971507000000,Kitchen assistant,Physical,Mobility impairment (wheelchair user),40,Egyptian,Vocational tailoring,Handicrafts & Art,Working,Gulf Vocational Center,"Remote/desk roles (customer support, data entry)",60,Average,109
109,Deepa Raj,971584768701,deepa.raj.109@example.com,Ali Al Falasi,971528000000,"Content writing, Warehouse assistant, Security",Autism,Autism Spectrum Disorder - High support,47,Indian,"Vocational tailoring, Basic IT (MS Office)",Manufacturing,Vocational training,Technical College Abu Dhabi,Creative/design with clear briefs,53,Average,97
110,Omar Al Ali,971549321334,omar.al.ali.110@example.com,Ibrahim Thomas,971504000000,"Kitchen assistant, Gardening, Data entry",Autism,Autism Spectrum Disorder - Low support,36,Bangladeshi,"Special education support, Project-based training (3 months)",Retail,Vocational training,Online training - Coursera,Creative/design with clear briefs,57,Average,100
111,Neha Cherian,971501039308,neha.cherian.111@example.com,Priya Balakrishnan,971523000000,"Kitchen assistant, Graphic design, Tailoring",Autism,Autism Spectrum Disorder - Low support,25,Syrian,"Special education support, Hospitality training, Barista & cafe skills",Handicrafts & Art,Working,Gulf Vocational Center,Supported workplace with routine,99,Excellent,77
112,Mia Taylor,971528953926,mia.taylor.112@example.com,Noor Al Muhairi,971521000000,"IT support, Sales support, Web development",Hearing,Deaf,55,Emirati,"Graphic design, Sign language (advanced)",Manufacturing,Freelance,Not currently enrolled or employed,"Visual roles (data entry, graphic design)",75,Good,80
113,Ravi Thomas,971585704331,ravi.thomas.113@example.com,Aisha Al Rumaithi,971501000000,Sales support,Intellectual,Mild intellectual disability,38,Pakistani,Vocational tailoring,Customer Service,Studying,Technical College Abu Dhabi,Supported employment with job coach,57,Average,113
114,Hessa Al Hosani,971505262181,hessa.al.hosani.114@example.com,Mariam Al Shamsi,971581000000,Assembly & packing,Physical,Limb loss / amputation,37,Emirati,"Bookkeeping, Project-based training (3 months)",Administration,Studying,Private School Abu Dhabi,Supervised workshop tasks,65,Average,87
115,Maya Nair,971505061497,maya.nair.115@example.com,Ahmed Al Neyadi,971524000000,"Transcription, Security, Accounting basics",Intellectual,Moderate intellectual disability,58,Indian,"Warehouse operations, Retail operations",Retail,Working,Special Needs Centre Ras Al Khaimah,Supported employment with job coach,54,Average,108
116,Arjun Patel,971560211586,arjun.patel.116@example.com,Amelia Williams,971561000000,"Customer support, Content writing",Visual,Blind / no vision,46,Indian,Hospitality training,Data & Analytics,Working,Gulf Vocational Center,"Audio-based roles (call center, voice transcription)",54,Average,102
117,Noah Smith,971551632945,noah.smith.117@example.com,Emma Brown,971559000000,"Gardening, Content writing, Assembly & packing",Multiple,Multiple disabilities,16,Syrian,,Education Support,Studying,Company C (IT services),Customized supported employment plan,65,Average,92
118,Ibrahim Singh,971509148564,ibrahim.singh.118@example.com,Omar Al Qubaisi,971567000000,Security,Autism,Autism Spectrum Disorder - Low support,59,Egyptian,"Sign language (advanced), Advanced IT (Web dev)",Accounting/Finance,Working,Special Needs Centre Ras Al Khaimah,Creative/design with clear briefs,97,Excellent,107
119,Noor Al Mansoori,971547132475,noor.al.mansoori.119@example.com,Yusuf Al Qubaisi,971581000000,"Accounting basics, Graphic design, Retail cashier",Multiple,Multiple disabilities,39,Bangladeshi,"Customer service, Soft skills & communication, Basic IT (MS Office)",Retail,Studying,Online training - Coursera,Customized supported employment plan,34,Needs Support,102
120,Olivia Smith,971550534578,olivia.smith.120@example.com,Aisha Al Hammadi,971504000000,Social media management,Autism,Autism Spectrum Disorder - Low support,51,Indian,,Handicrafts & Art,Studying,Technical College Abu Dhabi,"IT & structured tasks (data, QA)",55,Average,110
121,Olivia Williams,971583346800,olivia.williams.121@example.com,Neha Menon,971529000000,"Social media management, Handicrafts",Intellectual,Mild intellectual disability,40,British,"Bookkeeping, Soft skills & communication, Warehouse operations",Agriculture/Gardening,Studying,Company B (Hospitality),Hospitality support roles with routines,53,Average,98
122,Sophia Hall,971589944171,sophia.hall.122@example.com,Hessa Al Hammadi,971544000000,"Web development, Data entry",Physical,Mobility impairment (wheelchair user),54,Indian,"Bookkeeping, Data entry, Mobile phone repair",Education Support,Working,Technical College Abu Dhabi,Supervised workshop tasks,72,Good,110
123,Deepa Raj,971543875842,deepa.raj.123@example.com,Mason Johnson,971542000000,Retail cashier,Learning,Dyslexia / learning difficulty,21,Emirati,"Barista & cafe skills, Retail operations, Data entry",Agriculture/Gardening,Working,Higher Learning Dubai,Supervised admin tasks,46,Below Average,95
124,Rashid Al Qubaisi,971561738168,rashid.al.qubaisi.124@example.com,Mohammed Al Muhairi,971524000000,"Warehouse assistant, Accounting basics",Multiple,Multiple disabilities,27,Syrian,"Advanced IT (Web dev), Basic IT (MS Office)",Customer Service,Working,Gulf Vocational Center,Customized supported employment plan,57,Average,92
125,Neha Cherian,971521296666,neha.cherian.125@example.com,Lucas Smith,971508000000,"Bookkeeping, Tailoring, Kitchen assistant",Physical,Mobility impairment (wheelchair user),59,Emirati,"Customer service, Hospitality training",Education Support,Working,Special Needs Centre Ras Al Khaimah,"Remote/desk roles (customer support, data entry)",91,Excellent,104
126,Mohammed Al Mansoori,971547898562,mohammed.al.mansoori.126@example.com,Omar Al Blooshi,971523000000,IT support,Visual,Blind / no vision,17,Filipino,"Advanced IT (Web dev), Warehouse operations",Technical Repair,Vocational training,Company B (Hospitality),IT roles with screen-reader support,46,Below Average,111
127,Mohammed Al Hammadi,971500016761,mohammed.al.hammadi.127@example.com,Maya Thomas,971523000000,"IT support, Content writing",Autism,Autism Spectrum Disorder - Low support,54,Egyptian,,Handicrafts & Art,Studying,Higher Learning Dubai,Creative/design with clear briefs,96,Excellent,112
128,Khalid Al Mansoori,971528356420,khalid.al.mansoori.128@example.com,Farah Raj,971588000000,Graphic design,Multiple,Multiple disabilities,52,Egyptian,,Accounting/Finance,Unemployed,Not currently enrolled or employed,Customized supported employment plan,42,Below Average,94
129,Olivia Clark,971544701204,olivia.clark.129@example.com,Saeed Al Falasi,971581000000,"Graphic design, Kitchen assistant",Hearing,Deaf,44,Other,"Vocational tailoring, Hospitality training",Education Support,Working,Company A (Retail),On-site assembly/packing,84,Good,91
130,Mia Davis,971582120216,mia.davis.130@example.com,Mia Allen,971587000000,"Web development, Sales support, Gardening",Multiple,Multiple disabilities,59,British,,Technical Repair,Working,Technical College Abu Dhabi,Customized supported employment plan,71,Good,109
131,Saeed Al Mazroui,971588993588,saeed.al.mazroui.131@example.com,Deepa Singh,971554000000,Content writing,Physical,Mobility impairment (wheelchair user),16,Filipino,"Online freelancing (Upwork), Vocational tailoring, Graphic design",Data & Analytics,Working,Online training - Coursera,Accessible admin/IT roles,51,Average,99
132,Liam Hall,971528663177,liam.hall.132@example.com,Mia Brown,971528000000,"Data entry, Graphic design, Retail cashier",Intellectual,Mild intellectual disability,42,Emirati,CNC basics,Manufacturing,Working,Technical College Abu Dhabi,"Structured vocational roles (assembly, packaging)",30,Needs Support,87
133,Sophia Hall,971529975711,sophia.hall.133@example.com,Arjun Kumar,971545000000,"Assembly & packing, IT support, Social media management",Visual,Low vision,47,Emirati,Sign language (basic),Hospitality,Freelance,Not currently enrolled or employed,"Tactile/vocational roles (tailoring, assembly)",61,Average,85
134,Khalid Al Rumaithi,971541609177,khalid.al.rumaithi.134@example.com,Kamal Nair,971551000000,Web development,Autism,Autism Spectrum Disorder - High support,27,Egyptian,,Education Support,Vocational training,Company C (IT services),Creative/design with clear briefs,89,Excellent,82
135,Anoop Reddy,971563465472,anoop.reddy.135@example.com,Mariam Al Rumaithi,971588000000,"Kitchen assistant, Web development, Accounting basics",Visual,Blind / no vision,55,Egyptian,"Hospitality training, Retail operations",Logistics & Warehouse,Working,Company C (IT services),IT roles with screen-reader support,58,Average,101
136,Rahul Thomas,971528460810,rahul.thomas.136@example.com,Mohammed Al Hammadi,971503000000,"Customer support, Kitchen assistant, Admin assistance",Mental Health,Chronic mental health condition,34,Emirati,,Agriculture/Gardening,Unemployed,Not currently enrolled or employed,Creative/artisan roles,86,Excellent,82
137,Arjun Thomas,971588638406,arjun.thomas.137@example.com,Saeed Al Ali,971500000000,"Handicrafts, Tailoring, Retail cashier",Speech,Speech impairment,53,Pakistani,"Vocational tailoring, Graphic design, Project-based training (3 months)",Retail,Unemployed,Not currently enrolled or employed,"Back-office roles (data entry, admin)",82,Good,100
138,Yusuf Al Mansoori,971564229405,yusuf.al.mansoori.138@example.com,Farah Nair,971503000000,Warehouse assistant,Speech,Speech impairment,52,Pakistani,Vocational tailoring,Logistics & Warehouse,Studying,Company B (Hospitality),"Back-office roles (data entry, admin)",50,Average,105
139,Latifa Al Falasi,971505335554,latifa.al.falasi.139@example.com,Mariam Al Ali,971558000000,"Warehouse assistant, Security, IT support",Autism,Autism Spectrum Disorder - Low support,31,Other,"Data entry, Life skills & mobility training, Bookkeeping",IT & Digital,Freelance,Not currently enrolled or employed,Creative/design with clear briefs,67,Average,92
140,Kamal Cherian,971550435811,kamal.cherian.140@example.com,Latifa Al Ali,971501000000,"Assembly & packing, Graphic design, Web development",Multiple,Multiple disabilities,60,British,,Customer Service,Unemployed,Not currently enrolled or employed,Customized supported employment plan,66,Average,95
141,Fatima Al Mazroui,971524819346,fatima.al.mazroui.141@example.com,Huda Al Falasi,971541000000,Kitchen assistant,Speech,Speech impairment,53,Emirati,,Handicrafts & Art,Unemployed,Not currently enrolled or employed,IT & digital work,66,Average,107
142,Sanjay Cherian,971556072832,sanjay.cherian.142@example.com,Ibrahim Mohan,971542000000,"Security, Transcription, Gardening",Physical,Limb loss / amputation,18,Emirati,,Handicrafts & Art,Studying,Not currently enrolled or employed,Supervised workshop tasks,88,Excellent,85
143,Yusuf Al Hammadi,971528222394,yusuf.al.hammadi.143@example.com,Hamad Al Hammadi,971529000000,Gardening,Learning,Dyslexia / learning difficulty,20,Indian,"Barista & cafe skills, Retail operations, Customer service",Sales & Marketing,Vocational training,Higher Learning Dubai,Supervised admin tasks,96,Excellent,76
144,Farah Raj,971547759492,farah.raj.144@example.com,Priya Varma,971552000000,"Warehouse assistant, Sales support, Admin assistance",Multiple,Multiple disabilities,39,Emirati,"Retail operations, Bookkeeping, Online freelancing (Upwork)",Logistics & Warehouse,Studying,Freelance / Self-employed,Customized supported employment plan,62,Average,107
145,Reema Patel,971522834110,reema.patel.145@example.com,Liam Allen,971567000000,Kitchen assistant,Autism,Autism Spectrum Disorder - High support,46,Filipino,"Sign language (advanced), Special education support, Bookkeeping",Retail,Working,Company B (Hospitality),"IT & structured tasks (data, QA)",69,Average,92
146,Majid Al Mazroui,971583928272,majid.al.mazroui.146@example.com,Rashid Al Hammadi,971523000000,Handicrafts,Physical,Limb loss / amputation,32,Indian,"Warehouse operations, Online freelancing (Upwork)",Technical Repair,Working,Technical College Abu Dhabi,"Remote/desk roles (customer support, data entry)",61,Average,94
147,Sophia Brown,971588449892,sophia.brown.147@example.com,Huda Al Blooshi,971562000000,"Tailoring, Data entry",Hearing,Deaf,38,Indian,CNC basics,Retail,Studying,Company B (Hospitality),Back-office admin roles,56,Average,110
148,Ali Al Muhairi,971525913651,ali.al.muhairi.148@example.com,Maya Cherian,971529000000,"Content writing, Customer support, Web development",Autism,Autism Spectrum Disorder - Low support,53,Emirati,,Retail,Working,Gulf Vocational Center,Supported workplace with routine,70,Good,91
149,Amelia Allen,971580413797,amelia.allen.149@example.com,Noah Williams,971527000000,"Admin assistance, Gardening",Hearing,Hard of hearing,26,Jordanian,,Administration,Working,Gulf Vocational Center,"Visual roles (data entry, graphic design)",78,Good,103
150,Majid Al Ali,971586291279,majid.al.ali.150@example.com,Farah Mohan,971561000000,"Assembly & packing, Kitchen assistant, Customer support",Speech,Speech impairment,59,Filipino,"Sign language (advanced), Online freelancing (Upwork), Warehouse operations",Manufacturing,Vocational training,Not currently enrolled or employed,Graphic design/creative roles,77,Good,107
151,Anoop Nair,971547314986,anoop.nair.151@example.com,Ahmed Al Rumaithi,971581000000,"Assembly & packing, Kitchen assistant",Learning,Dyslexia / learning difficulty,29,Egyptian,,Retail,Working,Company C (IT services),Supervised admin tasks,52,Average,93
152,Latifa Al Falasi,971565946368,latifa.al.falasi.152@example.com,Maya Nair,971549000000,"IT support, Bookkeeping, Admin assistance",Speech,Speech impairment,41,Jordanian,Hospitality training,Administration,Working,Community College Sharjah,Graphic design/creative roles,76,Good,107
153,Rahul Thomas,971502601279,rahul.thomas.153@example.com,Fatima Al Mansoori,971525000000,"Customer support, Accounting basics, Sales support",Learning,Dyslexia / learning difficulty,49,Indian,"Basic IT (MS Office), Sign language (basic), Soft skills & communication",Handicrafts & Art,Studying,Company C (IT services),Hands-on vocational work,64,Average,101
154,Arjun Balakrishnan,971520530214,arjun.balakrishnan.154@example.com,Priya Menon,971557000000,"Gardening, Kitchen assistant, Tailoring",Autism,Autism Spectrum Disorder - High support,34,Jordanian,"Sign language (advanced), Sign language (basic)",Customer Service,Freelance,Not currently enrolled or employed,Supported workplace with routine,84,Good,92
155,Hamad Al Falasi,971561818451,hamad.al.falasi.155@example.com,Ethan Hall,971529000000,"Admin assistance, Gardening",Speech,Speech impairment,37,Other,,Customer Service,Studying,Higher Learning Dubai,IT & digital work,73,Good,97
156,Arjun Menon,971583565880,arjun.menon.156@example.com,Sanjay Raj,971542000000,"Social media management, Accounting basics, Handicrafts",Hearing,Deaf,38,Emirati,"Sign language (basic), Sign language (advanced), Special education support",Creative/Design,Working,Online training - Coursera,"Visual roles (data entry, graphic design)",61,Average,113
157,Amelia Taylor,971521117908,amelia.taylor.157@example.com,Mia Taylor,971566000000,"Web development, Customer support, Content writing",Hearing,Hard of hearing,41,Emirati,"Online freelancing (Upwork), Life skills & mobility training, Advanced IT (Web dev)",Logistics & Warehouse,Working,Freelance / Self-employed,"Visual roles (data entry, graphic design)",77,Good,109
158,Ravi Thomas,971567500369,ravi.thomas.158@example.com,Zainab Al Qubaisi,971524000000,"Assembly & packing, Handicrafts",Autism,Autism Spectrum Disorder - Low support,37,Indian,"Retail operations, Project-based training (3 months), Warehouse operations",Handicrafts & Art,Working,Company C (IT services),"IT & structured tasks (data, QA)",84,Good,100
159,Olivia Brown,971584386632,olivia.brown.159@example.com,Noah Clark,971520000000,"Social media management, Transcription",Mental Health,Chronic mental health condition,36,Syrian,,Education Support,Studying,Gulf Vocational Center,Flexible hours roles (remote work),75,Good,96
160,Hessa Al Shamsi,971521754558,hessa.al.shamsi.160@example.com,Ibrahim Patel,971541000000,Retail cashier,Autism,Autism Spectrum Disorder - Low support,57,Filipino,"Barista & cafe skills, Soft skills & communication",Customer Service,Unemployed,Not currently enrolled or employed,Creative/design with clear briefs,69,Average,98
161,Lucas Allen,971547225699,lucas.allen.161@example.com,Fatima Al Hosani,971525000000,"Kitchen assistant, Gardening",Learning,Dyslexia / learning difficulty,41,Indian,"Mobile phone repair, Vocational tailoring, Special education support",Creative/Design,Studying,Not currently enrolled or employed,Roles with assistive tech (auditory support),66,Average,107
162,Asha Thomas,971581326111,asha.thomas.162@example.com,Mia Hall,971501000000,"Retail cashier, Bookkeeping",Visual,Low vision,21,Filipino,Bookkeeping,Customer Service,Vocational training,Gulf Vocational Center,IT roles with screen-reader support,52,Average,125
163,Liam Smith,971585577848,liam.smith.163@example.com,Latifa Al Muhairi,971570000000,Admin assistance,Hearing,Deaf,46,Pakistani,"Retail operations, Mobile phone repair",Handicrafts & Art,Studying,Technical College Abu Dhabi,"Visual roles (data entry, graphic design)",49,Below Average,85
164,Ibrahim Nair,971544780774,ibrahim.nair.164@example.com,Yusuf Al Mansoori,971563000000,"Security, Tailoring, Bookkeeping",Intellectual,Mild intellectual disability,41,Emirati,"Graphic design, Mobile phone repair",Sales & Marketing,Studying,Company C (IT services),Hospitality support roles with routines,82,Good,109
165,Sanjay Menon,971588463122,sanjay.menon.165@example.com,Sara Al Qubaisi,971555000000,Retail cashier,Physical,Mobility impairment (wheelchair user),50,Emirati,"Customer service, CNC basics",Accounting/Finance,Studying,Higher Learning Dubai,"Remote/desk roles (customer support, data entry)",74,Good,107
166,Khalid Al Blooshi,971554757051,khalid.al.blooshi.166@example.com,Noah Smith,971546000000,Bookkeeping,Multiple,Multiple disabilities,40,Bangladeshi,"CNC basics, Sign language (advanced), Advanced IT (Web dev)",Administration,Working,Higher Learning Dubai,Customized supported employment plan,64,Average,89
167,Arjun Cherian,971554520881,arjun.cherian.167@example.com,Noor Al Neyadi,971540000000,"Bookkeeping, Data entry",Visual,Low vision,33,Filipino,,Agriculture/Gardening,Unemployed,Not currently enrolled or employed,"Tactile/vocational roles (tailoring, assembly)",66,Average,91
168,Neha Varma,971521327195,neha.varma.168@example.com,Liam Smith,971543000000,"Handicrafts, Data entry",Autism,Autism Spectrum Disorder - High support,57,Jordanian,"Retail operations, Customer service, Data entry",Technical Repair,Studying,Not currently enrolled or employed,Creative/design with clear briefs,79,Good,98
169,Kamal Thomas,971553928557,kamal.thomas.169@example.com,Mariam Al Ali,971522000000,"Content writing, Security, Accounting basics",Hearing,Deaf,45,Emirati,,Agriculture/Gardening,Unemployed,Not currently enrolled or employed,Back-office admin roles,52,Average,96
170,Fatima Al Hammadi,971566387829,fatima.al.hammadi.170@example.com,Yusuf Al Hammadi,971541000000,"Handicrafts, IT support",Multiple,Multiple disabilities,18,Emirati,,Agriculture/Gardening,Vocational training,Private School Abu Dhabi,Customized supported employment plan,71,Good,93
171,Kamal Balakrishnan,971589405391,kamal.balakrishnan.171@example.com,Khalid Al Hammadi,971552000000,"Content writing, Customer support",Speech,Speech impairment,19,Bangladeshi,,Creative/Design,Working,Online training - Coursera,Graphic design/creative roles,52,Average,102
172,Salma Al Ali,971553383928,salma.al.ali.172@example.com,Anoop Thomas,971510000000,"Accounting basics, Transcription, Admin assistance",Autism,Autism Spectrum Disorder - High support,41,Pakistani,"Barista & cafe skills, Life skills & mobility training",Manufacturing,Unemployed,Not currently enrolled or employed,Creative/design with clear briefs,68,Average,93
173,Anoop Thomas,971549398368,anoop.thomas.173@example.com,Ethan Taylor,971558000000,"Data entry, Retail cashier",Autism,Autism Spectrum Disorder - High support,24,Other,Sign language (basic),Creative/Design,Working,Not currently enrolled or employed,Creative/design with clear briefs,57,Average,102
174,Mason Hall,971569210752,mason.hall.174@example.com,Zainab Al Qubaisi,971523000000,"Accounting basics, Sales support",Visual,Blind / no vision,20,Jordanian,,Agriculture/Gardening,Vocational training,Technical College Abu Dhabi,IT roles with screen-reader support,43,Below Average,83
175,Lucas Brown,971520556613,lucas.brown.175@example.com,Reema Balakrishnan,971506000000,"Bookkeeping, Web development, Customer support",Autism,Autism Spectrum Disorder - Low support,25,Indian,"CNC basics, Special education support, Soft skills & communication",Hospitality,Studying,Special Needs Centre Ras Al Khaimah,Creative/design with clear briefs,54,Average,97
176,Saeed Al Hosani,971559086416,saeed.al.hosani.176@example.com,Ibrahim Thomas,971523000000,"Content writing, Bookkeeping, Gardening",Visual,Blind / no vision,51,Filipino,,Handicrafts & Art,Unemployed,Not currently enrolled or employed,"Tactile/vocational roles (tailoring, assembly)",69,Average,117
177,Deepa Singh,971506655355,deepa.singh.177@example.com,Anjali Patel,971526000000,"Web development, Graphic design",Multiple,Multiple disabilities,30,Emirati,,Accounting/Finance,Studying,Company C (IT services),Customized supported employment plan,77,Good,98
178,Ethan Smith,971541477053,ethan.smith.178@example.com,Arjun Raj,971568000000,"Customer support, Social media management, Accounting basics",Intellectual,Mild intellectual disability,53,American,,Handicrafts & Art,Studying,Not currently enrolled or employed,Hospitality support roles with routines,64,Average,87
179,Sara Al Hammadi,971501645104,sara.al.hammadi.179@example.com,Lucas Williams,971558000000,"Transcription, Data entry",Visual,Low vision,28,Pakistani,,Administration,Freelance,Not currently enrolled or employed,"Tactile/vocational roles (tailoring, assembly)",64,Average,96
180,Huda Al Rumaithi,971520555438,huda.al.rumaithi.180@example.com,Mohammed Al Hammadi,971546000000,"Security, Content writing, Bookkeeping",Intellectual,Mild intellectual disability,58,Emirati,"Sign language (advanced), Special education support, Customer service",Education Support,Freelance,Not currently enrolled or employed,Hospitality support roles with routines,69,Average,90
181,Latifa Al Muhairi,971522983248,latifa.al.muhairi.181@example.com,Lucas Johnson,971589000000,Data entry,Visual,Low vision,36,Bangladeshi,"Mobile phone repair, Project-based training (3 months)",Handicrafts & Art,Working,Freelance / Self-employed,IT roles with screen-reader support,72,Good,118
182,Khalid Al Hosani,971522099499,khalid.al.hosani.182@example.com,Deepa Raj,971521000000,"Sales support, Tailoring",Intellectual,Moderate intellectual disability,57,Indian,Vocational tailoring,Administration,Studying,Private School Abu Dhabi,"Structured vocational roles (assembly, packaging)",63,Average,104
183,Lucas Williams,971583312797,lucas.williams.183@example.com,Reema Cherian,971527000000,"Customer support, Content writing, IT support",Autism,Autism Spectrum Disorder - Low support,52,Filipino,"CNC basics, Advanced IT (Web dev), Sign language (advanced)",Logistics & Warehouse,Working,Not currently enrolled or employed,"IT & structured tasks (data, QA)",75,Good,95
184,Kamal Menon,971503476447,kamal.menon.184@example.com,Noor Al Qubaisi,971508000000,"Transcription, Web development, Security",Visual,Low vision,53,Other,"Barista & cafe skills, CNC basics, Basic IT (MS Office)",Retail,Working,Not currently enrolled or employed,"Audio-based roles (call center, voice transcription)",68,Average,100
185,Emma Jones,971542111751,emma.jones.185@example.com,Anoop Thomas,971529000000,"Web development, Accounting basics, Tailoring",Speech,Speech impairment,26,American,Advanced IT (Web dev),Education Support,Working,Not currently enrolled or employed,IT & digital work,66,Average,90
186,Hamad Al Hosani,971523094077,hamad.al.hosani.186@example.com,Mason Smith,971567000000,Bookkeeping,Intellectual,Moderate intellectual disability,21,Filipino,"Project-based training (3 months), Life skills & mobility training",Creative/Design,Unemployed,Not currently enrolled or employed,"Structured vocational roles (assembly, packaging)",65,Average,105
187,Mohammed Al Hammadi,971540209945,mohammed.al.hammadi.187@example.com,Liam Brown,971552000000,"Customer support, Graphic design",Visual,Low vision,45,Jordanian,"Barista & cafe skills, Retail operations",Technical Repair,Working,Higher Learning Dubai,"Tactile/vocational roles (tailoring, assembly)",86,Excellent,111
188,Emma Jones,971552145868,emma.jones.188@example.com,Khalid Al Qubaisi,971502000000,"Content writing, Gardening",Intellectual,Mild intellectual disability,54,British,"Customer service, Special education support",Customer Service,Working,Freelance / Self-employed,Supported employment with job coach,97,Excellent,90
189,Neha Balakrishnan,971524301071,neha.balakrishnan.189@example.com,Arjun Balakrishnan,971556000000,"Graphic design, Retail cashier",Learning,Dyslexia / learning difficulty,28,Egyptian,"Soft skills & communication, Life skills & mobility training",Manufacturing,Unemployed,Not currently enrolled or employed,Roles with assistive tech (auditory support),78,Good,102
190,Priya Reddy,971589902355,priya.reddy.190@example.com,Mia Clark,971520000000,Content writing,Intellectual,Moderate intellectual disability,42,Other,"Special education support, Barista & cafe skills",Logistics & Warehouse,Working,Online training - Coursera,Hospitality support roles with routines,97,Excellent,90
191,Ibrahim Varma,971502405682,ibrahim.varma.191@example.com,Anoop Nair,971561000000,"Handicrafts, Content writing",Intellectual,Moderate intellectual disability,31,Indian,"Vocational tailoring, Hospitality training",Manufacturing,Unemployed,Not currently enrolled or employed,"Structured vocational roles (assembly, packaging)",52,Average,92
192,Mia Hall,971507823578,mia.hall.192@example.com,Saeed Al Muhairi,971522000000,"Customer support, Graphic design",Mental Health,Chronic mental health condition,49,Emirati,"CNC basics, Advanced IT (Web dev)",Hospitality,Working,Freelance / Self-employed,Creative/artisan roles,33,Needs Support,93
193,Rashid Al Mansoori,971583533448,rashid.al.mansoori.193@example.com,Sara Al Hammadi,971504000000,"Kitchen assistant, Transcription, Warehouse assistant",Autism,Autism Spectrum Disorder - High support,48,Emirati,"Customer service, Bookkeeping",Agriculture/Gardening,Studying,Higher Learning Dubai,Creative/design with clear briefs,53,Average,101
194,Priya Mohan,971550207016,priya.mohan.194@example.com,Yusuf Al Falasi,971530000000,"Transcription, Graphic design, Admin assistance",Multiple,Multiple disabilities,28,Egyptian,Graphic design,Creative/Design,Unemployed,Not currently enrolled or employed,Customized supported employment plan,70,Good,122
195,Ravi Cherian,971547733294,ravi.cherian.195@example.com,Lucas Johnson,971586000000,Retail cashier,Physical,Limb loss / amputation,38,Indian,"Project-based training (3 months), Special education support",Retail,Working,Private School Abu Dhabi,Supervised workshop tasks,79,Good,93
196,Priya Mohan,971581487696,priya.mohan.196@example.com,Salma Al Ali,971528000000,"Transcription, Bookkeeping",Speech,Speech impairment,43,Pakistani,Graphic design,Accounting/Finance,Freelance,Not currently enrolled or employed,Graphic design/creative roles,51,Average,105
197,Emma Allen,971567581724,emma.allen.197@example.com,Emma Allen,971510000000,"Data entry, Web development, Gardening",Multiple,Multiple disabilities,24,American,"Life skills & mobility training, Bookkeeping, Warehouse operations",Agriculture/Gardening,Vocational training,Online training - Coursera,Customized supported employment plan,45,Below Average,121
198,Saeed Al Mansoori,971564651909,saeed.al.mansoori.198@example.com,Lucas Johnson,971524000000,"Data entry, Bookkeeping",Multiple,Multiple disabilities,38,Emirati,"Special education support, Warehouse operations, Barista & cafe skills",Accounting/Finance,Working,Private School Abu Dhabi,Customized supported employment plan,82,Good,94
199,Khalid Al Hammadi,971527238656,khalid.al.hammadi.199@example.com,Ali Al Muhairi,971501000000,"Tailoring, Assembly & packing",Visual,Low vision,57,Bangladeshi,CNC basics,Logistics & Warehouse,Working,Company A (Retail),"Tactile/vocational roles (tailoring, assembly)",39,Needs Support,116
200,Hamad Al Falasi,971560973846,hamad.al.falasi.200@example.com,Amelia Taylor,971501000000,"Content writing, Social media management, Admin assistance",Mental Health,Chronic mental health condition,21,Emirati,,Logistics & Warehouse,Unemployed,Not currently enrolled or employed,Flexible hours roles (remote work),63,Average,114
201,Fatima Al Hammadi,971588949058,fatima.al.hammadi.201@example.com,Maya Cherian,971568000000,"Retail cashier, Gardening, Social media management",Visual,Low vision,18,Egyptian,,Sales & Marketing,Working,Gulf Vocational Center,IT roles with screen-reader support,41,Below Average,92
202,Noor Al Rumaithi,971560471281,noor.al.rumaithi.202@example.com,Ethan Jones,971529000000,"Admin assistance, Kitchen assistant, Accounting basics",Visual,Low vision,53,Jordanian,"Sign language (advanced), Online freelancing (Upwork)",Retail,Unemployed,Not currently enrolled or employed,"Audio-based roles (call center, voice transcription)",65,Average,100
203,Fatima Al Muhairi,971562766372,fatima.al.muhairi.203@example.com,Zainab Al Mazroui,971584000000,"Bookkeeping, Security, Gardening",Hearing,Hard of hearing,46,Jordanian,"Data entry, Customer service, Soft skills & communication",Creative/Design,Working,Special Needs Centre Ras Al Khaimah,On-site assembly/packing,58,Average,107
204,Saeed Al Ali,971580185694,saeed.al.ali.204@example.com,Hessa Al Hosani,971550000000,Warehouse assistant,Hearing,Deaf,59,Egyptian,,Sales & Marketing,Studying,Higher Learning Dubai,"Visual roles (data entry, graphic design)",48,Below Average,98
205,Majid Al Hosani,971587534430,majid.al.hosani.205@example.com,Fatima Al Mazroui,971564000000,"Gardening, Accounting basics, IT support",Intellectual,Mild intellectual disability,58,Syrian,Data entry,Handicrafts & Art,Working,Higher Learning Dubai,Hospitality support roles with routines,66,Average,106
206,Sanjay Reddy,971585421406,sanjay.reddy.206@example.com,Mohammed Al Mansoori,971524000000,Web development,Intellectual,Mild intellectual disability,27,Filipino,"Sign language (basic), Hospitality training, CNC basics",Accounting/Finance,Working,Technical College Abu Dhabi,"Structured vocational roles (assembly, packaging)",75,Good,86
207,Hessa Al Shamsi,971507200642,hessa.al.shamsi.207@example.com,Farah Reddy,971561000000,"Sales support, IT support, Transcription",Autism,Autism Spectrum Disorder - High support,30,Emirati,"Barista & cafe skills, Bookkeeping",Education Support,Studying,Freelance / Self-employed,"IT & structured tasks (data, QA)",41,Below Average,115
208,Saeed Al Hosani,971527432806,saeed.al.hosani.208@example.com,Sanjay Thomas,971552000000,"Bookkeeping, Sales support, Security",Physical,Mobility impairment (wheelchair user),28,Emirati,,Data & Analytics,Working,Special Needs Centre Ras Al Khaimah,Accessible admin/IT roles,69,Average,91
209,Reema Cherian,971500505061,reema.cherian.209@example.com,Majid Al Shamsi,971588000000,"Customer support, Bookkeeping, Web development",Intellectual,Moderate intellectual disability,57,Emirati,,Retail,Vocational training,Special Needs Centre Ras Al Khaimah,"Structured vocational roles (assembly, packaging)",88,Excellent,101
210,Neha Balakrishnan,971501179931,neha.balakrishnan.210@example.com,Lucas Taylor,971527000000,"Accounting basics, Warehouse assistant, Graphic design",Multiple,Multiple disabilities,29,Syrian,,Handicrafts & Art,Studying,Private School Abu Dhabi,Customized supported employment plan,82,Good,100
211,Zainab Al Ali,971527390219,zainab.al.ali.211@example.com,Hamad Al Mazroui,971551000000,"Web development, Handicrafts",Intellectual,Mild intellectual disability,60,Bangladeshi,Data entry,Logistics & Warehouse,Working,Online training - Coursera,"Structured vocational roles (assembly, packaging)",95,Excellent,121
212,Anjali Balakrishnan,971527914560,anjali.balakrishnan.212@example.com,Arjun Singh,971562000000,"Customer support, Handicrafts",Speech,Speech impairment,56,Filipino,,Data & Analytics,Studying,Company A (Retail),IT & digital work,61,Average,111
213,Mohammed Al Mazroui,971585436459,mohammed.al.mazroui.213@example.com,Mia Smith,971501000000,"Admin assistance, Gardening, Warehouse assistant",Physical,Limb loss / amputation,20,American,"Sign language (basic), Barista & cafe skills, Sign language (advanced)",Data & Analytics,Studying,Online training - Coursera,"Remote/desk roles (customer support, data entry)",74,Good,116
214,Yusuf Al Neyadi,971553179706,yusuf.al.neyadi.214@example.com,Mariam Al Shamsi,971527000000,"Gardening, Customer support, Social media management",Visual,Blind / no vision,37,Emirati,Hospitality training,Creative/Design,Working,Private School Abu Dhabi,"Audio-based roles (call center, voice transcription)",50,Average,108
215,Arjun Patel,971562929831,arjun.patel.215@example.com,Majid Al Shamsi,971524000000,"Gardening, Bookkeeping",Mental Health,Chronic mental health condition,31,Emirati,Special education support,Technical Repair,Studying,Technical College Abu Dhabi,Flexible hours roles (remote work),80,Good,78
216,Mason Smith,971558671773,mason.smith.216@example.com,Ahmed Al Rumaithi,971586000000,Admin assistance,Physical,Mobility impairment (wheelchair user),46,Egyptian,,Customer Service,Working,Gulf Vocational Center,Supervised workshop tasks,47,Below Average,75
217,Zainab Al Hammadi,971550165804,zainab.al.hammadi.217@example.com,Hessa Al Rumaithi,971569000000,IT support,Autism,Autism Spectrum Disorder - High support,59,Indian,"Retail operations, CNC basics, Advanced IT (Web dev)",Manufacturing,Working,Freelance / Self-employed,Supported workplace with routine,60,Average,108
218,Kamal Thomas,971523253817,kamal.thomas.218@example.com,Ibrahim Balakrishnan,971523000000,"Admin assistance, Sales support",Hearing,Hard of hearing,19,Emirati,,Customer Service,Unemployed,Not currently enrolled or employed,Back-office admin roles,87,Excellent,100
219,Ethan Clark,971565137116,ethan.clark.219@example.com,Ethan Brown,971502000000,"Transcription, Web development",Autism,Autism Spectrum Disorder - High support,56,Emirati,"Retail operations, Mobile phone repair, CNC basics",Accounting/Finance,Vocational training,Special Needs Centre Ras Al Khaimah,"IT & structured tasks (data, QA)",89,Excellent,83
220,Salma Al Ali,971585695579,salma.al.ali.220@example.com,Kamal Mohan,971557000000,"Customer support, Web development",Visual,Blind / no vision,46,Indian,"Bookkeeping, CNC basics",Retail,Vocational training,Gulf Vocational Center,IT roles with screen-reader support,39,Needs Support,99
221,Neha Nair,971522231059,neha.nair.221@example.com,Hessa Al Blooshi,971524000000,"Retail cashier, IT support, Data entry",Intellectual,Moderate intellectual disability,50,Other,"Online freelancing (Upwork), Customer service, CNC basics",Technical Repair,Working,Technical College Abu Dhabi,Hospitality support roles with routines,70,Good,99
222,Kamal Varma,971584749297,kamal.varma.222@example.com,Aisha Al Rumaithi,971550000000,Warehouse assistant,Autism,Autism Spectrum Disorder - Low support,30,Indian,,Agriculture/Gardening,Vocational training,Company C (IT services),Supported workplace with routine,33,Needs Support,98
223,Hessa Al Neyadi,971501871863,hessa.al.neyadi.223@example.com,Deepa Balakrishnan,971561000000,"Retail cashier, Admin assistance",Hearing,Deaf,16,Indian,,Administration,Unemployed,Not currently enrolled or employed,On-site assembly/packing,45,Below Average,108
224,Anoop Cherian,971542662991,anoop.cherian.224@example.com,Noor Al Shamsi,971529000000,"Accounting basics, Transcription",Intellectual,Mild intellectual disability,56,American,"Special education support, Customer service, Sign language (basic)",Retail,Unemployed,Not currently enrolled or employed,Supported employment with job coach,70,Good,88
225,Anjali Patel,971529478730,anjali.patel.225@example.com,Neha Patel,971547000000,"Graphic design, Kitchen assistant",Physical,Mobility impairment (wheelchair user),23,Syrian,"Special education support, Mobile phone repair, Data entry",Sales & Marketing,Vocational training,Not currently enrolled or employed,"Remote/desk roles (customer support, data entry)",57,Average,87
226,Rashid Al Mazroui,971524290257,rashid.al.mazroui.226@example.com,Noah Taylor,971520000000,Content writing,Hearing,Hard of hearing,49,Filipino,Vocational tailoring,Data & Analytics,Studying,Gulf Vocational Center,Back-office admin roles,64,Average,111
227,Saeed Al Hammadi,971524451895,saeed.al.hammadi.227@example.com,Liam Johnson,971565000000,Transcription,Visual,Blind / no vision,25,Pakistani,,Education Support,Working,Higher Learning Dubai,"Audio-based roles (call center, voice transcription)",50,Average,106
228,Liam Clark,971544527985,liam.clark.228@example.com,Noor Al Mazroui,971581000000,"IT support, Graphic design",Visual,Blind / no vision,24,Other,,Data & Analytics,Working,Private School Abu Dhabi,"Audio-based roles (call center, voice transcription)",57,Average,90
229,Mohammed Al Hammadi,971569071401,mohammed.al.hammadi.229@example.com,Ahmed Al Hosani,971522000000,"Social media management, Gardening, Kitchen assistant",Physical,Mobility impairment (wheelchair user),21,Emirati,"Vocational tailoring, Soft skills & communication",Data & Analytics,Unemployed,Not currently enrolled or employed,"Remote/desk roles (customer support, data entry)",63,Average,87
230,Ravi Singh,971529083342,ravi.singh.230@example.com,Mason Smith,971581000000,Kitchen assistant,Intellectual,Moderate intellectual disability,59,Other,"Mobile phone repair, Sign language (basic), Soft skills & communication",Administration,Working,Community College Sharjah,"Structured vocational roles (assembly, packaging)",56,Average,85
231,Kamal Nair,971555480157,kamal.nair.231@example.com,Noor Al Shamsi,971565000000,"Kitchen assistant, Accounting basics",Visual,Blind / no vision,20,American,,Sales & Marketing,Working,Higher Learning Dubai,"Tactile/vocational roles (tailoring, assembly)",94,Excellent,100
232,Fatima Al Hosani,971526691215,fatima.al.hosani.232@example.com,Sophia Williams,971566000000,"Security, Kitchen assistant, Sales support",Autism,Autism Spectrum Disorder - Low support,33,Jordanian,"Online freelancing (Upwork), Soft skills & communication, Data entry",Retail,Unemployed,Not currently enrolled or employed,"IT & structured tasks (data, QA)",54,Average,102
233,Omar Al Shamsi,971522010170,omar.al.shamsi.233@example.com,Lucas Allen,971585000000,"Handicrafts, Retail cashier",Learning,Dyslexia / learning difficulty,49,Syrian,"Online freelancing (Upwork), Soft skills & communication, Data entry",Logistics & Warehouse,Working,Company B (Hospitality),Hands-on vocational work,63,Average,97
234,Mohammed Al Falasi,971506756770,mohammed.al.falasi.234@example.com,Latifa Al Hammadi,971524000000,"Transcription, Tailoring",Intellectual,Moderate intellectual disability,23,Pakistani,"Online freelancing (Upwork), Life skills & mobility training, Vocational tailoring",Logistics & Warehouse,Studying,Special Needs Centre Ras Al Khaimah,Supported employment with job coach,74,Good,109
235,Anoop Balakrishnan,971585450090,anoop.balakrishnan.235@example.com,Zainab Al Blooshi,971529000000,"Bookkeeping, Tailoring, Gardening",Hearing,Deaf,42,Indian,"Special education support, Graphic design",Technical Repair,Vocational training,Special Needs Centre Ras Al Khaimah,"Visual roles (data entry, graphic design)",57,Average,93
236,Ahmed Al Ali,971540769864,ahmed.al.ali.236@example.com,Omar Al Qubaisi,971506000000,"Handicrafts, Warehouse assistant, Sales support",Speech,Speech impairment,47,Emirati,"Vocational tailoring, Bookkeeping",Manufacturing,Freelance,Not currently enrolled or employed,"Back-office roles (data entry, admin)",60,Average,72
237,Reema Singh,971528344049,reema.singh.237@example.com,Salma Al Qubaisi,971582000000,Kitchen assistant,Autism,Autism Spectrum Disorder - Low support,49,Indian,,Sales & Marketing,Unemployed,Not currently enrolled or employed,Supported workplace with routine,42,Below Average,116
238,Lucas Hall,971543664987,lucas.hall.238@example.com,Kamal Nair,971508000000,"Gardening, Customer support",Learning,Dyslexia / learning difficulty,50,Bangladeshi,Retail operations,Customer Service,Studying,Gulf Vocational Center,Hands-on vocational work,89,Excellent,97
239,Sanjay Reddy,971555136442,sanjay.reddy.239@example.com,Mariam Al Neyadi,971553000000,"Assembly & packing, Customer support",Intellectual,Moderate intellectual disability,47,Pakistani,Vocational tailoring,Handicrafts & Art,Studying,Special Needs Centre Ras Al Khaimah,Supported employment with job coach,73,Good,103
240,Neha Menon,971520700159,neha.menon.240@example.com,Fatima Al Falasi,971542000000,"Content writing, Social media management, Sales support",Physical,Limb loss / amputation,49,Egyptian,,Administration,Vocational training,Community College Sharjah,Accessible admin/IT roles,100,Excellent,113
241,Lucas Williams,971553212347,lucas.williams.241@example.com,Rashid Al Mazroui,971559000000,Kitchen assistant,Learning,Dyslexia / learning difficulty,31,Other,"Retail operations, Bookkeeping, Basic IT (MS Office)",Sales & Marketing,Freelance,Not currently enrolled or employed,Hands-on vocational work,63,Average,88
242,Mohammed Al Rumaithi,971523486451,mohammed.al.rumaithi.242@example.com,Arjun Cherian,971551000000,"Warehouse assistant, Assembly & packing, Customer support",Visual,Blind / no vision,26,American,"Graphic design, Online freelancing (Upwork)",Customer Service,Unemployed,Not currently enrolled or employed,"Tactile/vocational roles (tailoring, assembly)",40,Below Average,102
243,Farah Singh,971522481569,farah.singh.243@example.com,Kamal Thomas,971547000000,"Gardening, Graphic design",Intellectual,Mild intellectual disability,28,Filipino,,Retail,Studying,Not currently enrolled or employed,Hospitality support roles with routines,53,Average,82
244,Reema Balakrishnan,971586577242,reema.balakrishnan.244@example.com,Reema Varma,971524000000,Transcription,Intellectual,Mild intellectual disability,52,Emirati,Graphic design,Customer Service,Studying,Not currently enrolled or employed,"Structured vocational roles (assembly, packaging)",55,Average,87
245,Mariam Al Falasi,971564215291,mariam.al.falasi.245@example.com,Majid Al Falasi,971528000000,"Handicrafts, Tailoring",Hearing,Hard of hearing,47,Indian,"Sign language (basic), Mobile phone repair",Retail,Working,Gulf Vocational Center,"Visual roles (data entry, graphic design)",90,Excellent,110
246,Hessa Al Neyadi,971567359710,hessa.al.neyadi.246@example.com,Reema Varma,971586000000,"Bookkeeping, Sales support",Physical,Limb loss / amputation,51,Emirati,"Project-based training (3 months), Advanced IT (Web dev)",IT & Digital,Working,Company C (IT services),Accessible admin/IT roles,64,Average,117
247,Huda Al Hammadi,971542809242,huda.al.hammadi.247@example.com,Farah Varma,971552000000,Sales support,Physical,Limb loss / amputation,36,Emirati,"Retail operations, Mobile phone repair",Handicrafts & Art,Freelance,Not currently enrolled or employed,Accessible admin/IT roles,66,Average,89
248,Ibrahim Patel,971565625728,ibrahim.patel.248@example.com,Mia Smith,971522000000,"Customer support, Admin assistance",Visual,Low vision,45,Indian,"Life skills & mobility training, Online freelancing (Upwork)",Customer Service,Working,Not currently enrolled or employed,"Audio-based roles (call center, voice transcription)",87,Excellent,106
249,Fatima Al Neyadi,971524228499,fatima.al.neyadi.249@example.com,Ahmed Al Ali,971529000000,"IT support, Security, Kitchen assistant",Hearing,Deaf,17,Indian,,Creative/Design,Working,Technical College Abu Dhabi,"Visual roles (data entry, graphic design)",49,Below Average,97
250,Asha Menon,971557490509,asha.menon.250@example.com,Sophia Allen,971523000000,"Accounting basics, Bookkeeping",Autism,Autism Spectrum Disorder - Low support,40,Emirati,"Graphic design, Basic IT (MS Office), Sign language (basic)",Retail,Working,Private School Abu Dhabi,Creative/design with clear briefs,51,Average,83
251,Rahul Nair,971504764925,rahul.nair.251@example.com,Reema Varma,971564000000,"Kitchen assistant, Accounting basics",Autism,Autism Spectrum Disorder - Low support,43,Emirati,"Mobile phone repair, Graphic design, Advanced IT (Web dev)",Logistics & Warehouse,Working,Company A (Retail),Supported workplace with routine,78,Good,122
252,Ali Al Shamsi,971568147617,ali.al.shamsi.252@example.com,Ali Al Hammadi,971544000000,"Assembly & packing, Tailoring, IT support",Physical,Limb loss / amputation,18,Pakistani,"Special education support, Data entry, Retail operations",Handicrafts & Art,Vocational training,Company B (Hospitality),"Remote/desk roles (customer support, data entry)",44,Below Average,106
253,Sara Al Muhairi,971522601645,sara.al.muhairi.253@example.com,Maya Menon,971559000000,"IT support, Assembly & packing, Transcription",Mental Health,Chronic mental health condition,54,Indian,,IT & Digital,Working,Technical College Abu Dhabi,Flexible hours roles (remote work),55,Average,94
254,Maya Thomas,971559749956,maya.thomas.254@example.com,Emma Johnson,971520000000,Assembly & packing,Intellectual,Moderate intellectual disability,57,Emirati,Graphic design,Handicrafts & Art,Unemployed,Not currently enrolled or employed,"Structured vocational roles (assembly, packaging)",56,Average,89
255,Anjali Singh,971522777079,anjali.singh.255@example.com,Noor Al Qubaisi,971526000000,"Transcription, Retail cashier, Customer support",Multiple,Multiple disabilities,47,Jordanian,"Warehouse operations, Online freelancing (Upwork), Soft skills & communication",Agriculture/Gardening,Unemployed,Not currently enrolled or employed,Customized supported employment plan,65,Average,90
256,Mia Williams,971580806958,mia.williams.256@example.com,Yusuf Al Shamsi,971508000000,"Bookkeeping, Content writing",Hearing,Hard of hearing,28,Indian,Special education support,Technical Repair,Vocational training,Company C (IT services),Back-office admin roles,69,Average,99
257,Neha Patel,971586657293,neha.patel.257@example.com,Fatima Al Hammadi,971552000000,"Retail cashier, Bookkeeping",Speech,Speech impairment,42,Other,Life skills & mobility training,IT & Digital,Freelance,Not currently enrolled or employed,IT & digital work,61,Average,89
258,Sophia Johnson,971528015619,sophia.johnson.258@example.com,Latifa Al Neyadi,971555000000,"IT support, Customer support, Admin assistance",Multiple,Multiple disabilities,60,British,"Hospitality training, Project-based training (3 months), Special education support",Creative/Design,Vocational training,Company B (Hospitality),Customized supported employment plan,56,Average,109
259,Aisha Al Neyadi,971542478712,aisha.al.neyadi.259@example.com,Priya Nair,971504000000,"Kitchen assistant, Assembly & packing",Hearing,Hard of hearing,48,Emirati,"Sign language (advanced), Customer service",Data & Analytics,Unemployed,Not currently enrolled or employed,On-site assembly/packing,72,Good,88
260,Neha Reddy,971556785072,neha.reddy.260@example.com,Asha Mohan,971502000000,"Web development, Gardening, Customer support",Intellectual,Mild intellectual disability,18,Egyptian,"Mobile phone repair, Warehouse operations",Technical Repair,Vocational training,Company B (Hospitality),Supported employment with job coach,66,Average,109
261,Priya Varma,971504892673,priya.varma.261@example.com,Amelia Allen,971588000000,"Web development, Content writing, Transcription",Autism,Autism Spectrum Disorder - High support,37,Indian,"Sign language (basic), Graphic design",Logistics & Warehouse,Vocational training,Company B (Hospitality),Creative/design with clear briefs,39,Needs Support,106
262,Neha Kumar,971508943468,neha.kumar.262@example.com,Mohammed Al Blooshi,971549000000,Gardening,Autism,Autism Spectrum Disorder - Low support,16,Indian,Retail operations,Handicrafts & Art,Working,Not currently enrolled or employed,Supported workplace with routine,55,Average,106
263,Asha Reddy,971563158935,asha.reddy.263@example.com,Neha Thomas,971556000000,"Content writing, Security, Transcription",Visual,Blind / no vision,44,Emirati,"Data entry, Special education support, Online freelancing (Upwork)",Sales & Marketing,Working,Company A (Retail),IT roles with screen-reader support,53,Average,78
264,Mia Davis,971522282772,mia.davis.264@example.com,Mason Hall,971504000000,IT support,Physical,Limb loss / amputation,54,British,"Special education support, Bookkeeping",IT & Digital,Working,Higher Learning Dubai,Accessible admin/IT roles,40,Below Average,100
265,Zainab Al Mansoori,971547022960,zainab.al.mansoori.265@example.com,Ethan Jones,971523000000,"Retail cashier, Gardening, Admin assistance",Multiple,Multiple disabilities,18,Indian,"Warehouse operations, Online freelancing (Upwork)",Creative/Design,Unemployed,Not currently enrolled or employed,Customized supported employment plan,68,Average,89
266,Ibrahim Nair,971567772519,ibrahim.nair.266@example.com,Anoop Reddy,971527000000,"Retail cashier, Transcription, IT support",Multiple,Multiple disabilities,26,Egyptian,,Administration,Freelance,Not currently enrolled or employed,Customized supported employment plan,74,Good,80
267,Ibrahim Kumar,971568378018,ibrahim.kumar.267@example.com,Ahmed Al Mansoori,971523000000,"Data entry, Warehouse assistant",Hearing,Deaf,41,Filipino,"Vocational tailoring, Mobile phone repair, Basic IT (MS Office)",Creative/Design,Working,Private School Abu Dhabi,On-site assembly/packing,64,Average,85
268,Aisha Al Ali,971524224124,aisha.al.ali.268@example.com,Noah Smith,971565000000,"Social media management, Security",Hearing,Deaf,25,Indian,,IT & Digital,Studying,Company C (IT services),Back-office admin roles,55,Average,100
269,Majid Al Ali,971551405786,majid.al.ali.269@example.com,Ahmed Al Falasi,971583000000,Retail cashier,Speech,Speech impairment,51,Filipino,"CNC basics, Graphic design, Soft skills & communication",Administration,Unemployed,Not currently enrolled or employed,"Back-office roles (data entry, admin)",52,Average,95
270,Hamad Al Neyadi,971566870079,hamad.al.neyadi.270@example.com,Hamad Al Mazroui,971507000000,Transcription,Autism,Autism Spectrum Disorder - Low support,48,Indian,,Handicrafts & Art,Studying,Not currently enrolled or employed,"IT & structured tasks (data, QA)",80,Good,93
271,Mason Jones,971553985547,mason.jones.271@example.com,Saeed Al Blooshi,971528000000,"Accounting basics, Assembly & packing, Transcription",Intellectual,Moderate intellectual disability,16,American,"Warehouse operations, Life skills & mobility training, Graphic design",Data & Analytics,Unemployed,Not currently enrolled or employed,Hospitality support roles with routines,77,Good,86
272,Ahmed Al Hammadi,971551569562,ahmed.al.hammadi.272@example.com,Liam Brown,971555000000,"Retail cashier, Bookkeeping, Gardening",Learning,Dyslexia / learning difficulty,38,Emirati,"Retail operations, Advanced IT (Web dev), Data entry",Customer Service,Freelance,Not currently enrolled or employed,Hands-on vocational work,72,Good,117
273,Anjali Raj,971526149872,anjali.raj.273@example.com,Rahul Thomas,971570000000,Content writing,Visual,Low vision,32,Other,"Sign language (basic), Basic IT (MS Office)",Accounting/Finance,Vocational training,Company C (IT services),"Tactile/vocational roles (tailoring, assembly)",30,Needs Support,90
274,Farah Cherian,971506056641,farah.cherian.274@example.com,Maya Cherian,971548000000,Warehouse assistant,Intellectual,Moderate intellectual disability,36,Emirati,,Technical Repair,Vocational training,Technical College Abu Dhabi,Hospitality support roles with routines,73,Good,97
275,Yusuf Al Hosani,971523254110,yusuf.al.hosani.275@example.com,Ibrahim Kumar,971565000000,"Bookkeeping, Graphic design, Admin assistance",Multiple,Multiple disabilities,19,Bangladeshi,,Sales & Marketing,Working,Higher Learning Dubai,Customized supported employment plan,70,Good,92
276,Mohammed Al Mazroui,971555120704,mohammed.al.mazroui.276@example.com,Anoop Singh,971501000000,"Tailoring, Data entry, Admin assistance",Autism,Autism Spectrum Disorder - Low support,42,Emirati,"CNC basics, Mobile phone repair, Hospitality training",Manufacturing,Vocational training,Freelance / Self-employed,"IT & structured tasks (data, QA)",66,Average,98
277,Priya Balakrishnan,971521109193,priya.balakrishnan.277@example.com,Noah Hall,971546000000,"Gardening, Assembly & packing",Visual,Low vision,18,Emirati,"Bookkeeping, Special education support",Technical Repair,Working,Gulf Vocational Center,"Audio-based roles (call center, voice transcription)",82,Good,103
278,Deepa Varma,971545089203,deepa.varma.278@example.com,Reema Mohan,971521000000,"Admin assistance, Warehouse assistant, Gardening",Hearing,Deaf,28,Egyptian,"Mobile phone repair, Barista & cafe skills",Retail,Studying,Technical College Abu Dhabi,On-site assembly/packing,70,Good,95
279,Ahmed Al Hammadi,971523793375,ahmed.al.hammadi.279@example.com,Lucas Williams,971552000000,"Handicrafts, Gardening",Autism,Autism Spectrum Disorder - High support,23,Emirati,"Advanced IT (Web dev), Basic IT (MS Office)",Administration,Studying,Gulf Vocational Center,"IT & structured tasks (data, QA)",57,Average,94
280,Noah Taylor,971528323024,noah.taylor.280@example.com,Liam Johnson,971552000000,"Tailoring, Assembly & packing, Graphic design",Speech,Speech impairment,39,Egyptian,,Retail,Unemployed,Not currently enrolled or employed,"Back-office roles (data entry, admin)",70,Good,94
281,Arjun Mohan,971555596309,arjun.mohan.281@example.com,Reema Mohan,971543000000,Sales support,Autism,Autism Spectrum Disorder - Low support,47,Emirati,,Retail,Working,Freelance / Self-employed,Supported workplace with routine,69,Average,124
282,Majid Al Shamsi,971525587774,majid.al.shamsi.282@example.com,Rahul Balakrishnan,971580000000,"Gardening, Accounting basics",Visual,Blind / no vision,35,Indian,"Data entry, Life skills & mobility training",Hospitality,Studying,Higher Learning Dubai,"Tactile/vocational roles (tailoring, assembly)",78,Good,96
283,Zainab Al Neyadi,971560789567,zainab.al.neyadi.283@example.com,Anoop Varma,971528000000,"Graphic design, Retail cashier",Visual,Blind / no vision,32,Filipino,,Data & Analytics,Working,Online training - Coursera,"Audio-based roles (call center, voice transcription)",83,Good,95
284,Zainab Al Mazroui,971563535444,zainab.al.mazroui.284@example.com,Mariam Al Muhairi,971528000000,Sales support,Intellectual,Mild intellectual disability,53,Jordanian,Warehouse operations,Administration,Studying,Not currently enrolled or employed,"Structured vocational roles (assembly, packaging)",34,Needs Support,87
285,Kamal Balakrishnan,971528775153,kamal.balakrishnan.285@example.com,Yusuf Al Neyadi,971558000000,"Kitchen assistant, Warehouse assistant, Bookkeeping",Hearing,Hard of hearing,16,Indian,"Mobile phone repair, Warehouse operations, Life skills & mobility training",Handicrafts & Art,Working,Technical College Abu Dhabi,Back-office admin roles,36,Needs Support,95
286,Farah Nair,971525999966,farah.nair.286@example.com,Huda Al Hosani,971566000000,Transcription,Learning,Dyslexia / learning difficulty,35,Emirati,Advanced IT (Web dev),Creative/Design,Vocational training,Company A (Retail),Roles with assistive tech (auditory support),65,Average,120
287,Fatima Al Falasi,971543348170,fatima.al.falasi.287@example.com,Ahmed Al Muhairi,971547000000,Web development,Intellectual,Moderate intellectual disability,20,Indian,Bookkeeping,Education Support,Unemployed,Not currently enrolled or employed,Hospitality support roles with routines,69,Average,97
288,Deepa Balakrishnan,971549387430,deepa.balakrishnan.288@example.com,Mia Brown,971527000000,"Graphic design, Retail cashier, Admin assistance",Intellectual,Moderate intellectual disability,45,Pakistani,"Bookkeeping, Warehouse operations",Agriculture/Gardening,Unemployed,Not currently enrolled or employed,"Structured vocational roles (assembly, packaging)",77,Good,73
289,Hamad Al Qubaisi,971586762916,hamad.al.qubaisi.289@example.com,Anjali Raj,971522000000,"Graphic design, IT support",Intellectual,Mild intellectual disability,51,Emirati,"Mobile phone repair, CNC basics",Retail,Working,Company B (Hospitality),"Structured vocational roles (assembly, packaging)",68,Average,109
290,Ravi Menon,971587656360,ravi.menon.290@example.com,Aisha Al Rumaithi,971526000000,"Web development, Sales support",Learning,Dyslexia / learning difficulty,31,Egyptian,"Vocational tailoring, Project-based training (3 months)",Creative/Design,Studying,Higher Learning Dubai,Roles with assistive tech (auditory support),42,Below Average,113
291,Latifa Al Rumaithi,971552104275,latifa.al.rumaithi.291@example.com,Mohammed Al Hammadi,971564000000,Security,Intellectual,Moderate intellectual disability,19,Filipino,Sign language (advanced),Manufacturing,Freelance,Not currently enrolled or employed,"Structured vocational roles (assembly, packaging)",70,Good,95
292,Yusuf Al Mazroui,971505313122,yusuf.al.mazroui.292@example.com,Majid Al Hosani,971526000000,IT support,Intellectual,Mild intellectual disability,43,Emirati,"Barista & cafe skills, Vocational tailoring",IT & Digital,Working,Community College Sharjah,"Structured vocational roles (assembly, packaging)",74,Good,127
293,Sara Al Neyadi,971504950136,sara.al.neyadi.293@example.com,Mariam Al Shamsi,971509000000,"Web development, Warehouse assistant, Accounting basics",Learning,Dyslexia / learning difficulty,60,Indian,"Online freelancing (Upwork), Graphic design",Manufacturing,Studying,Company C (IT services),Supervised admin tasks,67,Average,102
294,Salma Al Ali,971560309143,salma.al.ali.294@example.com,Ibrahim Raj,971561000000,Bookkeeping,Visual,Low vision,40,Emirati,"Barista & cafe skills, Customer service, Data entry",Manufacturing,Vocational training,Technical College Abu Dhabi,IT roles with screen-reader support,58,Average,89
295,Anoop Menon,971524035533,anoop.menon.295@example.com,Farah Menon,971524000000,"Graphic design, Handicrafts",Learning,Dyslexia / learning difficulty,16,Emirati,,Sales & Marketing,Freelance,Not currently enrolled or employed,Roles with assistive tech (auditory support),77,Good,89
296,Hamad Al Qubaisi,971563381674,hamad.al.qubaisi.296@example.com,Khalid Al Neyadi,971553000000,"Graphic design, Kitchen assistant",Learning,Dyslexia / learning difficulty,28,Indian,"Warehouse operations, Vocational tailoring, Online freelancing (Upwork)",Customer Service,Working,Company C (IT services),Hands-on vocational work,66,Average,94
297,Ali Al Shamsi,971506614982,ali.al.shamsi.297@example.com,Neha Patel,971557000000,"Sales support, Handicrafts, Web development",Intellectual,Moderate intellectual disability,20,Indian,Basic IT (MS Office),IT & Digital,Unemployed,Not currently enrolled or employed,Hospitality support roles with routines,72,Good,104
298,Maya Reddy,971556567491,maya.reddy.298@example.com,Mohammed Al Hosani,971559000000,"Customer support, Security",Mental Health,Chronic mental health condition,47,Filipino,"Sign language (advanced), Project-based training (3 months), Online freelancing (Upwork)",IT & Digital,Freelance,Not currently enrolled or employed,Supportive workplace (part-time),80,Good,93
299,Rahul Kumar,971582497243,rahul.kumar.299@example.com,Rahul Nair,971501000000,"Social media management, Retail cashier",Visual,Blind / no vision,43,Emirati,"Special education support, Bookkeeping, Mobile phone repair",Data & Analytics,Unemployed,Not currently enrolled or employed,IT roles with screen-reader support,60,Average,88
300,Emma Allen,971525243640,emma.allen.300@example.com,Mia Smith,971502000000,Handicrafts,Visual,Low vision,39,Emirati,"Vocational tailoring, Soft skills & communication, Hospitality training",Customer Service,Vocational training,Online training - Coursera,"Audio-based roles (call center, voice transcription)",58,Average,104
301,Hamad Al Neyadi,971546791214,hamad.al.neyadi.301@example.com,Aisha Al Mansoori,971505000000,Gardening,Physical,Mobility impairment (wheelchair user),19,Indian,,Hospitality,Studying,Technical College Abu Dhabi,Accessible admin/IT roles,76,Good,88
302,Ibrahim Patel,971557596555,ibrahim.patel.302@example.com,Olivia Taylor,971587000000,"Web development, Data entry",Physical,Mobility impairment (wheelchair user),45,British,,Creative/Design,Working,Not currently enrolled or employed,"Remote/desk roles (customer support, data entry)",78,Good,116
303,Mariam Al Hammadi,971587863050,mariam.al.hammadi.303@example.com,Reema Kumar,971526000000,"IT support, Security",Speech,Speech impairment,21,Indian,"Project-based training (3 months), Sign language (basic)",Accounting/Finance,Studying,Company B (Hospitality),Graphic design/creative roles,71,Good,122
304,Asha Mohan,971502714872,asha.mohan.304@example.com,Emma Clark,971588000000,"Security, Social media management",Intellectual,Mild intellectual disability,17,Emirati,Data entry,Sales & Marketing,Working,Freelance / Self-employed,"Structured vocational roles (assembly, packaging)",53,Average,85
305,Farah Mohan,971587153991,farah.mohan.305@example.com,Anoop Thomas,971587000000,"Gardening, Handicrafts",Hearing,Hard of hearing,21,Emirati,,Agriculture/Gardening,Working,Community College Sharjah,On-site assembly/packing,38,Needs Support,117
306,Anjali Patel,971509836655,anjali.patel.306@example.com,Farah Nair,971570000000,"Bookkeeping, Sales support",Multiple,Multiple disabilities,45,Indian,"Customer service, Bookkeeping, Project-based training (3 months)",Accounting/Finance,Vocational training,Not currently enrolled or employed,Customized supported employment plan,74,Good,99
307,Saeed Al Mansoori,971561497374,saeed.al.mansoori.307@example.com,Anoop Kumar,971525000000,"Accounting basics, Data entry, Transcription",Mental Health,Chronic mental health condition,41,Indian,"Barista & cafe skills, Mobile phone repair, Online freelancing (Upwork)",Manufacturing,Unemployed,Not currently enrolled or employed,Supportive workplace (part-time),69,Average,86
308,Noor Al Mansoori,971583861259,noor.al.mansoori.308@example.com,Liam Jones,971553000000,Data entry,Visual,Blind / no vision,29,Bangladeshi,"Special education support, Hospitality training",Sales & Marketing,Unemployed,Not currently enrolled or employed,"Audio-based roles (call center, voice transcription)",100,Excellent,101
309,Yusuf Al Hammadi,971522015720,yusuf.al.hammadi.309@example.com,Majid Al Hammadi,971550000000,"Tailoring, Accounting basics, Security",Visual,Blind / no vision,41,Indian,,Data & Analytics,Working,Freelance / Self-employed,"Tactile/vocational roles (tailoring, assembly)",66,Average,108
310,Sara Al Blooshi,971501111783,sara.al.blooshi.310@example.com,Rashid Al Qubaisi,971554000000,"Graphic design, Transcription",Hearing,Hard of hearing,52,Emirati,Warehouse operations,Creative/Design,Unemployed,Not currently enrolled or employed,On-site assembly/packing,72,Good,102
311,Kamal Mohan,971551898131,kamal.mohan.311@example.com,Mariam Al Rumaithi,971521000000,Transcription,Autism,Autism Spectrum Disorder - Low support,29,Filipino,"Advanced IT (Web dev), Graphic design",Hospitality,Working,Community College Sharjah,Supported workplace with routine,53,Average,105
312,Ahmed Al Neyadi,971540848729,ahmed.al.neyadi.312@example.com,Priya Mohan,971550000000,Web development,Physical,Mobility impairment (wheelchair user),28,Emirati,Special education support,Manufacturing,Working,Not currently enrolled or employed,Supervised workshop tasks,93,Excellent,116
313,Latifa Al Mansoori,971546267146,latifa.al.mansoori.313@example.com,Noah Hall,971521000000,"Assembly & packing, Security",Visual,Low vision,42,Bangladeshi,,Agriculture/Gardening,Studying,Special Needs Centre Ras Al Khaimah,"Audio-based roles (call center, voice transcription)",88,Excellent,93
314,Rahul Mohan,971551515542,rahul.mohan.314@example.com,Olivia Jones,971502000000,"IT support, Content writing",Autism,Autism Spectrum Disorder - High support,35,Filipino,"Special education support, Bookkeeping",Logistics & Warehouse,Working,Higher Learning Dubai,"IT & structured tasks (data, QA)",50,Average,98
315,Huda Al Muhairi,971548896792,huda.al.muhairi.315@example.com,Majid Al Rumaithi,971522000000,"Admin assistance, Accounting basics",Mental Health,Chronic mental health condition,31,Egyptian,"Retail operations, CNC basics, Soft skills & communication",Handicrafts & Art,Working,Private School Abu Dhabi,Creative/artisan roles,65,Average,113
316,Olivia Jones,971581465111,olivia.jones.316@example.com,Ravi Nair,971560000000,Sales support,Learning,Dyslexia / learning difficulty,48,Other,"Soft skills & communication, Life skills & mobility training, Hospitality training",Education Support,Studying,Online training - Coursera,Hands-on vocational work,39,Needs Support,118
317,Yusuf Al Rumaithi,971565389097,yusuf.al.rumaithi.317@example.com,Mason Williams,971522000000,Warehouse assistant,Intellectual,Moderate intellectual disability,40,Emirati,Life skills & mobility training,Creative/Design,Unemployed,Not currently enrolled or employed,"Structured vocational roles (assembly, packaging)",62,Average,94
318,Omar Al Mansoori,971543096348,omar.al.mansoori.318@example.com,Liam Clark,971567000000,"Accounting basics, Security",Hearing,Hard of hearing,38,Emirati,"Basic IT (MS Office), Hospitality training",Education Support,Working,Higher Learning Dubai,Back-office admin roles,49,Below Average,80
319,Neha Reddy,971507024376,neha.reddy.319@example.com,Zainab Al Falasi,971528000000,"Handicrafts, IT support, Tailoring",Hearing,Deaf,43,Emirati,"Advanced IT (Web dev), Customer service",Education Support,Working,Community College Sharjah,"Visual roles (data entry, graphic design)",77,Good,100
320,Khalid Al Shamsi,971584167872,khalid.al.shamsi.320@example.com,Huda Al Ali,971586000000,"Bookkeeping, Customer support, Warehouse assistant",Hearing,Deaf,48,Emirati,"Project-based training (3 months), Basic IT (MS Office), Mobile phone repair",Customer Service,Working,Company A (Retail),"Visual roles (data entry, graphic design)",45,Below Average,84
321,Arjun Balakrishnan,971528234143,arjun.balakrishnan.321@example.com,Anoop Raj,971552000000,Social media management,Visual,Blind / no vision,23,Emirati,Customer service,Education Support,Studying,Online training - Coursera,"Audio-based roles (call center, voice transcription)",59,Average,120
322,Lucas Davis,971564335670,lucas.davis.322@example.com,Rahul Kumar,971541000000,Customer support,Hearing,Deaf,19,Emirati,"Sign language (basic), Bookkeeping",Customer Service,Working,Company C (IT services),"Visual roles (data entry, graphic design)",61,Average,81
323,Hessa Al Shamsi,971545411082,hessa.al.shamsi.323@example.com,Zainab Al Rumaithi,971530000000,Web development,Autism,Autism Spectrum Disorder - Low support,40,Emirati,,IT & Digital,Vocational training,Freelance / Self-employed,"IT & structured tasks (data, QA)",61,Average,96
324,Sara Al Hosani,971508954738,sara.al.hosani.324@example.com,Anjali Nair,971527000000,Sales support,Learning,Dyslexia / learning difficulty,23,American,"Soft skills & communication, Project-based training (3 months), Basic IT (MS Office)",Retail,Vocational training,Not currently enrolled or employed,Roles with assistive tech (auditory support),30,Needs Support,99
325,Rashid Al Mazroui,971523678812,rashid.al.mazroui.325@example.com,Majid Al Falasi,971567000000,"Data entry, Content writing, Admin assistance",Visual,Low vision,52,Emirati,"Bookkeeping, Sign language (advanced)",Handicrafts & Art,Unemployed,Not currently enrolled or employed,IT roles with screen-reader support,61,Average,108
326,Salma Al Mazroui,971563402424,salma.al.mazroui.326@example.com,Liam Williams,971524000000,"Social media management, Web development, Assembly & packing",Hearing,Deaf,21,Other,"Barista & cafe skills, Advanced IT (Web dev)",Sales & Marketing,Unemployed,Not currently enrolled or employed,On-site assembly/packing,92,Excellent,113
327,Hessa Al Muhairi,971540891649,hessa.al.muhairi.327@example.com,Reema Cherian,971525000000,"Graphic design, Sales support",Visual,Blind / no vision,43,Indian,CNC basics,Retail,Unemployed,Not currently enrolled or employed,"Audio-based roles (call center, voice transcription)",60,Average,86
328,Omar Al Rumaithi,971524042269,omar.al.rumaithi.328@example.com,Ali Al Hosani,971554000000,IT support,Autism,Autism Spectrum Disorder - Low support,22,Indian,,Data & Analytics,Unemployed,Not currently enrolled or employed,"IT & structured tasks (data, QA)",100,Excellent,100
329,Fatima Al Mansoori,971529001851,fatima.al.mansoori.329@example.com,Omar Al Qubaisi,971552000000,"IT support, Data entry, Customer support",Autism,Autism Spectrum Disorder - High support,60,Indian,,Logistics & Warehouse,Working,Company B (Hospitality),Creative/design with clear briefs,65,Average,99
330,Salma Al Mazroui,971526625436,salma.al.mazroui.330@example.com,Asha Singh,971552000000,Customer support,Autism,Autism Spectrum Disorder - Low support,37,Emirati,Vocational tailoring,Education Support,Working,Company C (IT services),"IT & structured tasks (data, QA)",67,Average,98
331,Neha Menon,971584945147,neha.menon.331@example.com,Farah Patel,971521000000,Gardening,Intellectual,Moderate intellectual disability,46,Bangladeshi,"Data entry, Customer service, Graphic design",Manufacturing,Freelance,Not currently enrolled or employed,"Structured vocational roles (assembly, packaging)",56,Average,93
332,Priya Varma,971556769523,priya.varma.332@example.com,Latifa Al Shamsi,971569000000,"Bookkeeping, Graphic design, Tailoring",Autism,Autism Spectrum Disorder - Low support,42,Pakistani,"Basic IT (MS Office), Sign language (basic)",Creative/Design,Studying,Company B (Hospitality),Creative/design with clear briefs,64,Average,93
333,Emma Smith,971545247286,emma.smith.333@example.com,Salma Al Mazroui,971582000000,"Graphic design, Sales support, Accounting basics",Physical,Mobility impairment (wheelchair user),60,Emirati,,Retail,Working,Higher Learning Dubai,"Remote/desk roles (customer support, data entry)",54,Average,101
334,Rashid Al Falasi,971522728476,rashid.al.falasi.334@example.com,Maya Menon,971580000000,Security,Speech,Speech impairment,27,Pakistani,"CNC basics, Life skills & mobility training, Data entry",Technical Repair,Vocational training,Special Needs Centre Ras Al Khaimah,Graphic design/creative roles,61,Average,118
335,Hamad Al Mansoori,971508623690,hamad.al.mansoori.335@example.com,Hamad Al Rumaithi,971569000000,"Assembly & packing, Handicrafts, Social media management",Visual,Low vision,19,Bangladeshi,,Hospitality,Studying,Company C (IT services),"Tactile/vocational roles (tailoring, assembly)",30,Needs Support,113
336,Noor Al Muhairi,971561139043,noor.al.muhairi.336@example.com,Rahul Kumar,971524000000,"Data entry, Kitchen assistant",Physical,Mobility impairment (wheelchair user),19,Indian,"Warehouse operations, Soft skills & communication",Administration,Working,Private School Abu Dhabi,Supervised workshop tasks,83,Good,75
337,Ali Al Rumaithi,971581568182,ali.al.rumaithi.337@example.com,Huda Al Shamsi,971560000000,"Web development, Accounting basics, Content writing",Mental Health,Chronic mental health condition,30,American,"CNC basics, Customer service",Manufacturing,Working,Company C (IT services),Supportive workplace (part-time),59,Average,95
338,Huda Al Neyadi,971529912971,huda.al.neyadi.338@example.com,Noah Jones,971562000000,"Kitchen assistant, Graphic design",Visual,Low vision,20,Indian,,Retail,Unemployed,Not currently enrolled or employed,"Tactile/vocational roles (tailoring, assembly)",43,Below Average,90
339,Omar Al Mansoori,971527219705,omar.al.mansoori.339@example.com,Lucas Davis,971529000000,"Admin assistance, Social media management, Customer support",Hearing,Deaf,21,Egyptian,,Accounting/Finance,Unemployed,Not currently enrolled or employed,Back-office admin roles,48,Below Average,121
340,Liam Johnson,971521462961,liam.johnson.340@example.com,Sara Al Hammadi,971506000000,"Assembly & packing, Handicrafts",Visual,Low vision,22,American,"Barista & cafe skills, Graphic design, Project-based training (3 months)",Manufacturing,Freelance,Not currently enrolled or employed,"Tactile/vocational roles (tailoring, assembly)",79,Good,115
341,Omar Al Hosani,971547082723,omar.al.hosani.341@example.com,Mohammed Al Qubaisi,971526000000,"Assembly & packing, Social media management, Gardening",Visual,Blind / no vision,17,Other,Graphic design,Retail,Studying,Private School Abu Dhabi,"Audio-based roles (call center, voice transcription)",75,Good,86
342,Sara Al Falasi,971563420165,sara.al.falasi.342@example.com,Ethan Johnson,971526000000,Transcription,Hearing,Deaf,60,Pakistani,Graphic design,Accounting/Finance,Vocational training,Company C (IT services),"Visual roles (data entry, graphic design)",57,Average,105
343,Saeed Al Mazroui,971527275164,saeed.al.mazroui.343@example.com,Anjali Cherian,971523000000,Tailoring,Intellectual,Mild intellectual disability,60,Pakistani,"Sign language (basic), Retail operations, Project-based training (3 months)",Administration,Freelance,Not currently enrolled or employed,Hospitality support roles with routines,46,Below Average,108
344,Sophia Taylor,971504481776,sophia.taylor.344@example.com,Zainab Al Ali,971559000000,"Assembly & packing, Security, Retail cashier",Visual,Low vision,51,Filipino,"Bookkeeping, Hospitality training, Graphic design",Data & Analytics,Unemployed,Not currently enrolled or employed,"Audio-based roles (call center, voice transcription)",61,Average,95
345,Deepa Reddy,971507981789,deepa.reddy.345@example.com,Ethan Davis,971524000000,"Assembly & packing, Security",Physical,Limb loss / amputation,38,Other,,Manufacturing,Unemployed,Not currently enrolled or employed,Supervised workshop tasks,75,Good,105
346,Hessa Al Mansoori,971526306000,hessa.al.mansoori.346@example.com,Zainab Al Ali,971530000000,"Security, Customer support, Assembly & packing",Autism,Autism Spectrum Disorder - High support,41,Emirati,Warehouse operations,Accounting/Finance,Studying,Community College Sharjah,Supported workplace with routine,59,Average,113
347,Salma Al Hosani,971582819648,salma.al.hosani.347@example.com,Saeed Al Neyadi,971501000000,Gardening,Autism,Autism Spectrum Disorder - Low support,50,Other,"Basic IT (MS Office), Customer service, CNC basics",Sales & Marketing,Vocational training,Community College Sharjah,"IT & structured tasks (data, QA)",48,Below Average,107
348,Salma Al Mansoori,971528364041,salma.al.mansoori.348@example.com,Liam Allen,971521000000,Graphic design,Hearing,Hard of hearing,32,American,"Retail operations, Sign language (basic), Warehouse operations",Hospitality,Working,Technical College Abu Dhabi,On-site assembly/packing,73,Good,96
349,Fatima Al Neyadi,971586657224,fatima.al.neyadi.349@example.com,Hamad Al Hammadi,971569000000,"Social media management, IT support, Handicrafts",Autism,Autism Spectrum Disorder - Low support,50,Emirati,,Logistics & Warehouse,Studying,Company B (Hospitality),"IT & structured tasks (data, QA)",69,Average,84
350,Zainab Al Hosani,971520523124,zainab.al.hosani.350@example.com,Khalid Al Hosani,971548000000,"Social media management, Security, IT support",Visual,Blind / no vision,32,Emirati,"Vocational tailoring, Sign language (basic)",Accounting/Finance,Working,Company A (Retail),"Tactile/vocational roles (tailoring, assembly)",78,Good,97
351,Sanjay Varma,971561966395,sanjay.varma.351@example.com,Fatima Al Shamsi,971521000000,"Kitchen assistant, Security, Data entry",Multiple,Multiple disabilities,57,Other,,Retail,Unemployed,Not currently enrolled or employed,Customized supported employment plan,57,Average,112
352,Hamad Al Blooshi,971521355251,hamad.al.blooshi.352@example.com,Ahmed Al Rumaithi,971544000000,"Handicrafts, IT support, Transcription",Intellectual,Mild intellectual disability,34,Filipino,"Project-based training (3 months), Graphic design",Agriculture/Gardening,Unemployed,Not currently enrolled or employed,Supported employment with job coach,54,Average,83
353,Anoop Varma,971525330770,anoop.varma.353@example.com,Lucas Brown,971507000000,"Gardening, Data entry, Admin assistance",Autism,Autism Spectrum Disorder - Low support,17,Indian,"Customer service, Warehouse operations",IT & Digital,Unemployed,Not currently enrolled or employed,Supported workplace with routine,41,Below Average,107
354,Ahmed Al Hosani,971551644556,ahmed.al.hosani.354@example.com,Saeed Al Shamsi,971561000000,Data entry,Autism,Autism Spectrum Disorder - Low support,22,Emirati,Hospitality training,Manufacturing,Unemployed,Not currently enrolled or employed,Supported workplace with routine,45,Below Average,121
355,Hamad Al Hosani,971525800401,hamad.al.hosani.355@example.com,Noor Al Hosani,971546000000,Gardening,Intellectual,Moderate intellectual disability,23,Emirati,"CNC basics, Hospitality training, Soft skills & communication",Logistics & Warehouse,Studying,Company A (Retail),Hospitality support roles with routines,33,Needs Support,120
356,Sanjay Varma,971527314415,sanjay.varma.356@example.com,Reema Raj,971583000000,"Handicrafts, Sales support",Learning,Dyslexia / learning difficulty,29,Indian,,Manufacturing,Studying,Company C (IT services),Hands-on vocational work,68,Average,98
357,Priya Patel,971587281235,priya.patel.357@example.com,Sara Al Qubaisi,971564000000,"IT support, Web development, Admin assistance",Learning,Dyslexia / learning difficulty,35,Other,,Accounting/Finance,Studying,Technical College Abu Dhabi,Supervised admin tasks,56,Average,104
358,Ahmed Al Shamsi,971588754181,ahmed.al.shamsi.358@example.com,Khalid Al Muhairi,971559000000,"Assembly & packing, Handicrafts",Hearing,Deaf,22,Emirati,"Sign language (basic), Warehouse operations",Retail,Vocational training,Company B (Hospitality),Back-office admin roles,64,Average,113
359,Anoop Singh,971580313100,anoop.singh.359@example.com,Arjun Singh,971561000000,"Social media management, Sales support, Handicrafts",Physical,Limb loss / amputation,30,Jordanian,Sign language (basic),Manufacturing,Vocational training,Not currently enrolled or employed,Supervised workshop tasks,66,Average,101
360,Ahmed Al Hosani,971528974325,ahmed.al.hosani.360@example.com,Neha Nair,971547000000,Data entry,Visual,Low vision,32,American,"Online freelancing (Upwork), Special education support",IT & Digital,Working,Online training - Coursera,"Tactile/vocational roles (tailoring, assembly)",59,Average,99
361,Ahmed Al Qubaisi,971584388221,ahmed.al.qubaisi.361@example.com,Saeed Al Shamsi,971556000000,"Content writing, Sales support",Physical,Mobility impairment (wheelchair user),38,Indian,,Handicrafts & Art,Vocational training,Not currently enrolled or employed,Supervised workshop tasks,69,Average,79
362,Yusuf Al Neyadi,971582570396,yusuf.al.neyadi.362@example.com,Fatima Al Neyadi,971551000000,"Gardening, Assembly & packing",Learning,Dyslexia / learning difficulty,38,American,"Bookkeeping, Sign language (basic)",IT & Digital,Vocational training,Not currently enrolled or employed,Supervised admin tasks,44,Below Average,108
363,Emma Davis,971527954107,emma.davis.363@example.com,Noah Clark,971583000000,"Data entry, Admin assistance",Intellectual,Moderate intellectual disability,34,Emirati,,Administration,Working,Company C (IT services),"Structured vocational roles (assembly, packaging)",67,Average,97
364,Noor Al Mazroui,971555004254,noor.al.mazroui.364@example.com,Kamal Menon,971528000000,Sales support,Autism,Autism Spectrum Disorder - Low support,21,Indian,"Sign language (advanced), Warehouse operations",Education Support,Working,Higher Learning Dubai,Creative/design with clear briefs,65,Average,104
365,Amelia Jones,971529659234,amelia.jones.365@example.com,Latifa Al Neyadi,971544000000,"Admin assistance, Warehouse assistant, Content writing",Intellectual,Mild intellectual disability,43,Emirati,"CNC basics, Retail operations",Education Support,Working,Private School Abu Dhabi,Supported employment with job coach,56,Average,90
366,Latifa Al Mazroui,971526129439,latifa.al.mazroui.366@example.com,Neha Balakrishnan,971569000000,Graphic design,Intellectual,Moderate intellectual disability,49,Indian,,Handicrafts & Art,Unemployed,Not currently enrolled or employed,Hospitality support roles with routines,67,Average,88
367,Mariam Al Hosani,971524975019,mariam.al.hosani.367@example.com,Asha Thomas,971504000000,"Retail cashier, Data entry",Learning,Dyslexia / learning difficulty,56,British,"Project-based training (3 months), Sign language (basic), Hospitality training",Hospitality,Studying,Company C (IT services),Roles with assistive tech (auditory support),71,Good,79
368,Arjun Raj,971507087601,arjun.raj.368@example.com,Omar Al Muhairi,971524000000,Web development,Intellectual,Mild intellectual disability,25,Filipino,Vocational tailoring,Logistics & Warehouse,Unemployed,Not currently enrolled or employed,Hospitality support roles with routines,80,Good,105
369,Omar Al Mansoori,971541975466,omar.al.mansoori.369@example.com,Ravi Cherian,971556000000,Tailoring,Intellectual,Mild intellectual disability,16,Filipino,"Advanced IT (Web dev), Retail operations, Customer service",Customer Service,Unemployed,Not currently enrolled or employed,Supported employment with job coach,68,Average,111
370,Hamad Al Blooshi,971568358681,hamad.al.blooshi.370@example.com,Ali Al Blooshi,971590000000,"Tailoring, Accounting basics",Physical,Limb loss / amputation,57,Indian,"Customer service, Barista & cafe skills",Agriculture/Gardening,Freelance,Not currently enrolled or employed,Accessible admin/IT roles,89,Excellent,112
371,Reema Reddy,971500023117,reema.reddy.371@example.com,Mia Taylor,971523000000,Graphic design,Physical,Mobility impairment (wheelchair user),55,Indian,"Retail operations, Basic IT (MS Office), Vocational tailoring",Manufacturing,Studying,Company A (Retail),Accessible admin/IT roles,37,Needs Support,84
372,Rashid Al Ali,971523477433,rashid.al.ali.372@example.com,Anoop Mohan,971523000000,"Assembly & packing, Gardening",Speech,Speech impairment,24,American,,Manufacturing,Studying,Not currently enrolled or employed,Graphic design/creative roles,55,Average,100
373,Maya Raj,971523978559,maya.raj.373@example.com,Noah Brown,971557000000,Customer support,Hearing,Hard of hearing,22,Emirati,"Basic IT (MS Office), Sign language (advanced)",Creative/Design,Freelance,Not currently enrolled or employed,On-site assembly/packing,72,Good,91
374,Zainab Al Hosani,971522418938,zainab.al.hosani.374@example.com,Mason Jones,971559000000,"Social media management, Handicrafts",Learning,Dyslexia / learning difficulty,17,Emirati,"Advanced IT (Web dev), Customer service",Administration,Working,Not currently enrolled or employed,Supervised admin tasks,67,Average,90
375,Liam Williams,971551990516,liam.williams.375@example.com,Deepa Singh,971567000000,"Sales support, Retail cashier",Autism,Autism Spectrum Disorder - High support,30,Filipino,Basic IT (MS Office),Technical Repair,Studying,Online training - Coursera,Supported workplace with routine,55,Average,83
376,Anoop Menon,971580870662,anoop.menon.376@example.com,Yusuf Al Ali,971522000000,Bookkeeping,Hearing,Deaf,43,American,,Agriculture/Gardening,Studying,Private School Abu Dhabi,Back-office admin roles,51,Average,83
377,Ibrahim Mohan,971560030102,ibrahim.mohan.377@example.com,Noor Al Mazroui,971546000000,Graphic design,Intellectual,Moderate intellectual disability,58,Emirati,"Life skills & mobility training, Sign language (basic)",Customer Service,Unemployed,Not currently enrolled or employed,Supported employment with job coach,50,Average,112
378,Olivia Clark,971584584384,olivia.clark.378@example.com,Latifa Al Ali,971501000000,"Bookkeeping, Retail cashier, Transcription",Visual,Blind / no vision,24,British,Hospitality training,Manufacturing,Unemployed,Not currently enrolled or employed,"Audio-based roles (call center, voice transcription)",50,Average,131
379,Salma Al Rumaithi,971557107044,salma.al.rumaithi.379@example.com,Sanjay Singh,971505000000,"Accounting basics, Assembly & packing",Intellectual,Moderate intellectual disability,18,Emirati,,Sales & Marketing,Working,Company B (Hospitality),Supported employment with job coach,72,Good,102
380,Amelia Taylor,971524930596,amelia.taylor.380@example.com,Liam Brown,971566000000,"Admin assistance, Bookkeeping",Speech,Speech impairment,49,Indian,Basic IT (MS Office),Handicrafts & Art,Unemployed,Not currently enrolled or employed,IT & digital work,52,Average,108
381,Salma Al Ali,971545960945,salma.al.ali.381@example.com,Hessa Al Hammadi,971529000000,Admin assistance,Multiple,Multiple disabilities,27,Indian,,Customer Service,Studying,Community College Sharjah,Customized supported employment plan,56,Average,101
382,Reema Mohan,971526091498,reema.mohan.382@example.com,Fatima Al Shamsi,971524000000,IT support,Visual,Low vision,55,Filipino,,Retail,Vocational training,Company A (Retail),IT roles with screen-reader support,100,Excellent,98
383,Latifa Al Rumaithi,971520440580,latifa.al.rumaithi.383@example.com,Priya Singh,971509000000,"Assembly & packing, Graphic design, Tailoring",Hearing,Deaf,52,Indian,"Customer service, Basic IT (MS Office)",Manufacturing,Vocational training,Community College Sharjah,On-site assembly/packing,82,Good,91
384,Sophia Clark,971549025042,sophia.clark.384@example.com,Liam Brown,971564000000,"Web development, Security, Graphic design",Intellectual,Mild intellectual disability,53,Emirati,,Technical Repair,Freelance,Not currently enrolled or employed,Hospitality support roles with routines,64,Average,121
385,Deepa Menon,971566818097,deepa.menon.385@example.com,Kamal Cherian,971544000000,"IT support, Bookkeeping",Speech,Speech impairment,39,Emirati,"Mobile phone repair, Retail operations, Graphic design",Manufacturing,Vocational training,Higher Learning Dubai,IT & digital work,55,Average,121
386,Deepa Raj,971556392836,deepa.raj.386@example.com,Rahul Nair,971564000000,"Sales support, Handicrafts, Accounting basics",Intellectual,Mild intellectual disability,48,Other,"Basic IT (MS Office), Vocational tailoring, Hospitality training",Education Support,Working,Company B (Hospitality),Hospitality support roles with routines,75,Good,93
387,Emma Johnson,971520602128,emma.johnson.387@example.com,Lucas Davis,971543000000,"IT support, Customer support, Graphic design",Multiple,Multiple disabilities,37,Filipino,"CNC basics, Mobile phone repair",Sales & Marketing,Working,Private School Abu Dhabi,Customized supported employment plan,74,Good,111
388,Omar Al Rumaithi,971522981209,omar.al.rumaithi.388@example.com,Rahul Menon,971557000000,"Warehouse assistant, Customer support",Speech,Speech impairment,22,Emirati,"Bookkeeping, Barista & cafe skills, Warehouse operations",Manufacturing,Unemployed,Not currently enrolled or employed,"Back-office roles (data entry, admin)",74,Good,81
389,Khalid Al Falasi,971564995154,khalid.al.falasi.389@example.com,Noor Al Mansoori,971557000000,Handicrafts,Visual,Blind / no vision,58,Indian,Basic IT (MS Office),Agriculture/Gardening,Freelance,Not currently enrolled or employed,IT roles with screen-reader support,54,Average,97
390,Arjun Kumar,971550534967,arjun.kumar.390@example.com,Reema Cherian,971541000000,"IT support, Kitchen assistant, Graphic design",Multiple,Multiple disabilities,24,Other,Graphic design,Manufacturing,Studying,Community College Sharjah,Customized supported employment plan,63,Average,107
391,Majid Al Hammadi,971521506185,majid.al.hammadi.391@example.com,Latifa Al Hammadi,971520000000,Sales support,Learning,Dyslexia / learning difficulty,28,Indian,Online freelancing (Upwork),Handicrafts & Art,Studying,Freelance / Self-employed,Roles with assistive tech (auditory support),67,Average,83
392,Olivia Smith,971551789320,olivia.smith.392@example.com,Hessa Al Qubaisi,971559000000,"Sales support, Tailoring, Security",Multiple,Multiple disabilities,30,British,"Life skills & mobility training, Online freelancing (Upwork)",Handicrafts & Art,Studying,Higher Learning Dubai,Customized supported employment plan,70,Good,107
393,Ethan Davis,971555361275,ethan.davis.393@example.com,Priya Thomas,971553000000,"Customer support, Transcription",Hearing,Hard of hearing,33,Pakistani,"Data entry, Barista & cafe skills",Education Support,Working,Company A (Retail),On-site assembly/packing,73,Good,112
394,Mohammed Al Mansoori,971553504763,mohammed.al.mansoori.394@example.com,Neha Mohan,971522000000,Warehouse assistant,Physical,Mobility impairment (wheelchair user),17,Bangladeshi,"Life skills & mobility training, Graphic design",Sales & Marketing,Studying,Online training - Coursera,Accessible admin/IT roles,77,Good,105
395,Neha Mohan,971553425563,neha.mohan.395@example.com,Arjun Kumar,971501000000,Bookkeeping,Visual,Low vision,34,Indian,,Handicrafts & Art,Unemployed,Not currently enrolled or employed,"Tactile/vocational roles (tailoring, assembly)",63,Average,80
396,Neha Thomas,971541118600,neha.thomas.396@example.com,Kamal Balakrishnan,971522000000,"Social media management, Admin assistance",Intellectual,Mild intellectual disability,48,Jordanian,Hospitality training,Handicrafts & Art,Freelance,Not currently enrolled or employed,Hospitality support roles with routines,71,Good,102
397,Sanjay Reddy,971503684748,sanjay.reddy.397@example.com,Anoop Kumar,971557000000,"Kitchen assistant, Sales support",Physical,Mobility impairment (wheelchair user),41,Syrian,,Sales & Marketing,Working,Gulf Vocational Center,Supervised workshop tasks,69,Average,84
398,Emma Hall,971523793126,emma.hall.398@example.com,Maya Mohan,971589000000,Warehouse assistant,Mental Health,Chronic mental health condition,37,Bangladeshi,"Basic IT (MS Office), Data entry, Sign language (basic)",Data & Analytics,Vocational training,Company A (Retail),Creative/artisan roles,48,Below Average,112
399,Rahul Raj,971547788116,rahul.raj.399@example.com,Anoop Nair,971520000000,"Sales support, Accounting basics",Multiple,Multiple disabilities,23,Emirati,"Customer service, Life skills & mobility training, Mobile phone repair",Education Support,Studying,Higher Learning Dubai,Customized supported employment plan,64,Average,108
400,Noor Al Rumaithi,971584859592,noor.al.rumaithi.400@example.com,Majid Al Hammadi,971530000000,"Web development, Accounting basics, Content writing",Visual,Blind / no vision,37,Other,"Basic IT (MS Office), Barista & cafe skills, Mobile phone repair",Retail,Studying,Higher Learning Dubai,"Audio-based roles (call center, voice transcription)",65,Average,100
401,Khalid Al Neyadi,971581875109,khalid.al.neyadi.401@example.com,Neha Singh,971548000000,"Kitchen assistant, Security",Multiple,Multiple disabilities,43,Filipino,"Life skills & mobility training, Project-based training (3 months)",Sales & Marketing,Vocational training,Higher Learning Dubai,Customized supported employment plan,79,Good,93
402,Ravi Thomas,971524249128,ravi.thomas.402@example.com,Ibrahim Reddy,971550000000,Graphic design,Visual,Low vision,16,Syrian,Customer service,Retail,Working,Technical College Abu Dhabi,"Tactile/vocational roles (tailoring, assembly)",66,Average,94
403,Mohammed Al Muhairi,971567675481,mohammed.al.muhairi.403@example.com,Huda Al Falasi,971527000000,Social media management,Physical,Limb loss / amputation,54,British,Mobile phone repair,Logistics & Warehouse,Working,Not currently enrolled or employed,Accessible admin/IT roles,58,Average,96
404,Kamal Reddy,971585205756,kamal.reddy.404@example.com,Latifa Al Neyadi,971555000000,"IT support, Kitchen assistant",Visual,Blind / no vision,16,Filipino,"Soft skills & communication, Basic IT (MS Office)",Agriculture/Gardening,Working,Freelance / Self-employed,"Tactile/vocational roles (tailoring, assembly)",68,Average,94
405,Anoop Kumar,971584409079,anoop.kumar.405@example.com,Maya Nair,971558000000,Graphic design,Mental Health,Chronic mental health condition,27,British,"Hospitality training, Advanced IT (Web dev), CNC basics",Sales & Marketing,Unemployed,Not currently enrolled or employed,Supportive workplace (part-time),83,Good,89
406,Latifa Al Mansoori,971523905529,latifa.al.mansoori.406@example.com,Priya Mohan,971507000000,"Customer support, Social media management",Mental Health,Chronic mental health condition,33,Emirati,Soft skills & communication,Education Support,Studying,Not currently enrolled or employed,Flexible hours roles (remote work),62,Average,94
407,Latifa Al Blooshi,971505791971,latifa.al.blooshi.407@example.com,Fatima Al Muhairi,971581000000,Bookkeeping,Visual,Blind / no vision,56,Indian,"Sign language (basic), Customer service",Handicrafts & Art,Studying,Not currently enrolled or employed,"Tactile/vocational roles (tailoring, assembly)",86,Excellent,102
408,Ali Al Qubaisi,971546334324,ali.al.qubaisi.408@example.com,Sara Al Mansoori,971508000000,Customer support,Multiple,Multiple disabilities,56,Egyptian,"Customer service, Life skills & mobility training, Sign language (basic)",Accounting/Finance,Working,Freelance / Self-employed,Customized supported employment plan,80,Good,82
409,Ethan Williams,971548841834,ethan.williams.409@example.com,Hessa Al Mazroui,971508000000,"Customer support, Warehouse assistant, IT support",Hearing,Deaf,52,Indian,"Basic IT (MS Office), Vocational tailoring",Education Support,Working,Community College Sharjah,Back-office admin roles,69,Average,110
410,Noah Taylor,971542782079,noah.taylor.410@example.com,Deepa Thomas,971557000000,Bookkeeping,Intellectual,Moderate intellectual disability,59,Indian,,Education Support,Working,Special Needs Centre Ras Al Khaimah,Hospitality support roles with routines,66,Average,112
411,Ahmed Al Muhairi,971562498392,ahmed.al.muhairi.411@example.com,Saeed Al Mazroui,971504000000,Retail cashier,Physical,Mobility impairment (wheelchair user),58,Emirati,"Graphic design, Vocational tailoring",Administration,Unemployed,Not currently enrolled or employed,Accessible admin/IT roles,57,Average,116
412,Salma Al Muhairi,971588507251,salma.al.muhairi.412@example.com,Rahul Reddy,971584000000,Security,Visual,Low vision,36,Syrian,"Bookkeeping, Mobile phone repair",Agriculture/Gardening,Working,Higher Learning Dubai,"Tactile/vocational roles (tailoring, assembly)",99,Excellent,95
413,Asha Balakrishnan,971503923555,asha.balakrishnan.413@example.com,Anjali Balakrishnan,971566000000,"Security, Accounting basics",Visual,Blind / no vision,35,Indian,"Customer service, Bookkeeping, Special education support",Education Support,Vocational training,Company A (Retail),"Audio-based roles (call center, voice transcription)",58,Average,117
414,Yusuf Al Muhairi,971526817151,yusuf.al.muhairi.414@example.com,Anoop Kumar,971525000000,"Assembly & packing, Customer support",Intellectual,Moderate intellectual disability,57,Other,"Mobile phone repair, Data entry",Accounting/Finance,Vocational training,Company C (IT services),Supported employment with job coach,88,Excellent,93
415,Ibrahim Cherian,971585851268,ibrahim.cherian.415@example.com,Reema Menon,971502000000,"Assembly & packing, Customer support",Multiple,Multiple disabilities,55,Jordanian,"Bookkeeping, Advanced IT (Web dev), Hospitality training",Creative/Design,Working,Community College Sharjah,Customized supported employment plan,58,Average,96
416,Mariam Al Hammadi,971544654084,mariam.al.hammadi.416@example.com,Zainab Al Falasi,971508000000,"Bookkeeping, Accounting basics",Mental Health,Chronic mental health condition,18,Pakistani,,Logistics & Warehouse,Studying,Not currently enrolled or employed,Flexible hours roles (remote work),44,Below Average,88
417,Anoop Patel,971547938970,anoop.patel.417@example.com,Zainab Al Mazroui,971529000000,"Social media management, Graphic design, Assembly & packing",Intellectual,Mild intellectual disability,41,Emirati,,Data & Analytics,Studying,Special Needs Centre Ras Al Khaimah,Supported employment with job coach,49,Below Average,90
418,Kamal Raj,971580597364,kamal.raj.418@example.com,Ibrahim Nair,971548000000,"Web development, Social media management",Physical,Mobility impairment (wheelchair user),42,Emirati,"CNC basics, Barista & cafe skills",Hospitality,Studying,Technical College Abu Dhabi,Supervised workshop tasks,64,Average,102
419,Fatima Al Qubaisi,971549796958,fatima.al.qubaisi.419@example.com,Latifa Al Mazroui,971546000000,"Security, Social media management, Tailoring",Visual,Blind / no vision,50,Egyptian,,Sales & Marketing,Unemployed,Not currently enrolled or employed,"Audio-based roles (call center, voice transcription)",88,Excellent,88
420,Kamal Varma,971503854457,kamal.varma.420@example.com,Anjali Nair,971569000000,"Transcription, Sales support",Speech,Speech impairment,17,Jordanian,Warehouse operations,Technical Repair,Working,Private School Abu Dhabi,Graphic design/creative roles,79,Good,97
421,Emma Brown,971553319422,emma.brown.421@example.com,Asha Reddy,971567000000,"Warehouse assistant, Content writing, Transcription",Speech,Speech impairment,39,Filipino,"Sign language (advanced), Warehouse operations, Online freelancing (Upwork)",Data & Analytics,Working,Company A (Retail),"Back-office roles (data entry, admin)",64,Average,108
422,Noah Davis,971540857216,noah.davis.422@example.com,Anoop Reddy,971553000000,"Assembly & packing, Data entry, Warehouse assistant",Autism,Autism Spectrum Disorder - High support,21,Filipino,Vocational tailoring,Agriculture/Gardening,Vocational training,Freelance / Self-employed,"IT & structured tasks (data, QA)",48,Below Average,104
423,Liam Allen,971526883275,liam.allen.423@example.com,Arjun Nair,971554000000,"Tailoring, Admin assistance, Bookkeeping",Autism,Autism Spectrum Disorder - Low support,45,Indian,CNC basics,Logistics & Warehouse,Vocational training,Company C (IT services),Creative/design with clear briefs,67,Average,105
424,Noah Williams,971551006876,noah.williams.424@example.com,Yusuf Al Mansoori,971588000000,"Customer support, Kitchen assistant",Multiple,Multiple disabilities,19,Indian,"Soft skills & communication, CNC basics, Mobile phone repair",Data & Analytics,Studying,Gulf Vocational Center,Customized supported employment plan,69,Average,129
425,Amelia Brown,971582565237,amelia.brown.425@example.com,Aisha Al Blooshi,971582000000,"Social media management, Gardening",Mental Health,Chronic mental health condition,44,Indian,"Project-based training (3 months), Advanced IT (Web dev)",Data & Analytics,Studying,Company B (Hospitality),Supportive workplace (part-time),55,Average,93
426,Zainab Al Qubaisi,971544429477,zainab.al.qubaisi.426@example.com,Neha Thomas,971522000000,Gardening,Physical,Mobility impairment (wheelchair user),29,Filipino,,Handicrafts & Art,Working,Company B (Hospitality),Supervised workshop tasks,55,Average,93
427,Mason Davis,971559252985,mason.davis.427@example.com,Anoop Cherian,971583000000,"Handicrafts, Bookkeeping",Learning,Dyslexia / learning difficulty,20,Indian,Data entry,Agriculture/Gardening,Unemployed,Not currently enrolled or employed,Roles with assistive tech (auditory support),55,Average,114
428,Priya Cherian,971559083350,priya.cherian.428@example.com,Aisha Al Blooshi,971561000000,Social media management,Intellectual,Moderate intellectual disability,52,Pakistani,Sign language (advanced),Administration,Vocational training,Company A (Retail),"Structured vocational roles (assembly, packaging)",86,Excellent,93
429,Mariam Al Mansoori,971564131284,mariam.al.mansoori.429@example.com,Salma Al Neyadi,971570000000,"IT support, Admin assistance",Speech,Speech impairment,56,Emirati,,Customer Service,Studying,Company B (Hospitality),Graphic design/creative roles,52,Average,105
430,Omar Al Mansoori,971560961739,omar.al.mansoori.430@example.com,Amelia Clark,971505000000,"Retail cashier, Social media management, Transcription",Autism,Autism Spectrum Disorder - High support,46,Pakistani,Barista & cafe skills,Handicrafts & Art,Vocational training,Company B (Hospitality),Creative/design with clear briefs,56,Average,107
431,Ravi Nair,971550587722,ravi.nair.431@example.com,Yusuf Al Hammadi,971542000000,"Retail cashier, Warehouse assistant, Content writing",Speech,Speech impairment,30,Emirati,"Hospitality training, Bookkeeping, Sign language (basic)",Agriculture/Gardening,Vocational training,Community College Sharjah,"Back-office roles (data entry, admin)",68,Average,81
432,Huda Al Muhairi,971522925879,huda.al.muhairi.432@example.com,Ibrahim Thomas,971543000000,"Admin assistance, Retail cashier",Hearing,Deaf,38,Bangladeshi,"Special education support, Warehouse operations, Mobile phone repair",IT & Digital,Unemployed,Not currently enrolled or employed,On-site assembly/packing,88,Excellent,121
433,Yusuf Al Blooshi,971582740334,yusuf.al.blooshi.433@example.com,Zainab Al Mazroui,971547000000,"IT support, Graphic design",Autism,Autism Spectrum Disorder - Low support,48,Indian,Vocational tailoring,Manufacturing,Unemployed,Not currently enrolled or employed,Supported workplace with routine,55,Average,95
434,Anjali Menon,971557349960,anjali.menon.434@example.com,Saeed Al Mansoori,971566000000,Gardening,Hearing,Deaf,42,Bangladeshi,"Special education support, Sign language (basic)",Logistics & Warehouse,Studying,Online training - Coursera,On-site assembly/packing,69,Average,104
435,Ibrahim Menon,971548840215,ibrahim.menon.435@example.com,Sophia Clark,971583000000,"Social media management, Tailoring, Data entry",Hearing,Deaf,28,Egyptian,Hospitality training,Sales & Marketing,Working,Private School Abu Dhabi,On-site assembly/packing,74,Good,124
436,Reema Mohan,971508509608,reema.mohan.436@example.com,Sophia Hall,971555000000,"Graphic design, Gardening, Admin assistance",Autism,Autism Spectrum Disorder - High support,23,Pakistani,Graphic design,Data & Analytics,Vocational training,Special Needs Centre Ras Al Khaimah,Creative/design with clear briefs,62,Average,90
437,Farah Thomas,971525129578,farah.thomas.437@example.com,Asha Reddy,971507000000,Social media management,Physical,Mobility impairment (wheelchair user),30,Indian,Special education support,Sales & Marketing,Unemployed,Not currently enrolled or employed,Supervised workshop tasks,44,Below Average,91
438,Rahul Raj,971529592323,rahul.raj.438@example.com,Aisha Al Mazroui,971569000000,"Handicrafts, Tailoring, Retail cashier",Multiple,Multiple disabilities,36,Other,Mobile phone repair,Handicrafts & Art,Studying,Online training - Coursera,Customized supported employment plan,64,Average,121
439,Anjali Nair,971551607360,anjali.nair.439@example.com,Huda Al Neyadi,971527000000,IT support,Mental Health,Chronic mental health condition,49,Emirati,"Project-based training (3 months), Retail operations, Barista & cafe skills",Education Support,Studying,Higher Learning Dubai,Creative/artisan roles,57,Average,102
440,Hessa Al Ali,971507006661,hessa.al.ali.440@example.com,Noor Al Hosani,971554000000,Web development,Mental Health,Chronic mental health condition,57,American,Vocational tailoring,Agriculture/Gardening,Studying,Company B (Hospitality),Flexible hours roles (remote work),64,Average,114
441,Omar Al Mazroui,971509345962,omar.al.mazroui.441@example.com,Hamad Al Ali,971523000000,"Tailoring, Warehouse assistant",Hearing,Hard of hearing,41,Filipino,,Data & Analytics,Studying,Technical College Abu Dhabi,On-site assembly/packing,100,Excellent,93
442,Ali Al Falasi,971508698221,ali.al.falasi.442@example.com,Salma Al Hosani,971551000000,Retail cashier,Visual,Low vision,54,Bangladeshi,"Online freelancing (Upwork), Data entry, Customer service",Manufacturing,Vocational training,Community College Sharjah,IT roles with screen-reader support,57,Average,112
443,Ravi Cherian,971559323822,ravi.cherian.443@example.com,Fatima Al Rumaithi,971506000000,"Admin assistance, Gardening, Content writing",Visual,Low vision,58,Indian,"Customer service, Barista & cafe skills",Education Support,Working,Gulf Vocational Center,IT roles with screen-reader support,75,Good,122
444,Reema Kumar,971586032020,reema.kumar.444@example.com,Olivia Johnson,971555000000,Admin assistance,Learning,Dyslexia / learning difficulty,52,Indian,"Life skills & mobility training, CNC basics",Hospitality,Unemployed,Not currently enrolled or employed,Hands-on vocational work,73,Good,95
445,Farah Varma,971542457871,farah.varma.445@example.com,Priya Mohan,971542000000,Transcription,Visual,Blind / no vision,45,Bangladeshi,"Customer service, Retail operations",Handicrafts & Art,Working,Company B (Hospitality),"Audio-based roles (call center, voice transcription)",73,Good,113
446,Mason Johnson,971558323035,mason.johnson.446@example.com,Ibrahim Nair,971569000000,IT support,Mental Health,Chronic mental health condition,49,Emirati,Project-based training (3 months),Administration,Unemployed,Not currently enrolled or employed,Creative/artisan roles,77,Good,106
447,Mariam Al Falasi,971523406468,mariam.al.falasi.447@example.com,Mia Clark,971542000000,Customer support,Visual,Blind / no vision,55,Filipino,"Customer service, Project-based training (3 months), Online freelancing (Upwork)",Creative/Design,Studying,Online training - Coursera,"Tactile/vocational roles (tailoring, assembly)",81,Good,114
448,Rahul Reddy,971559335134,rahul.reddy.448@example.com,Huda Al Hosani,971589000000,"Content writing, IT support",Physical,Mobility impairment (wheelchair user),56,Emirati,"Sign language (advanced), CNC basics, Bookkeeping",Creative/Design,Studying,Not currently enrolled or employed,Supervised workshop tasks,85,Excellent,107
449,Ravi Thomas,971544064176,ravi.thomas.449@example.com,Farah Thomas,971587000000,"Sales support, Assembly & packing, Gardening",Autism,Autism Spectrum Disorder - Low support,39,Emirati,,Sales & Marketing,Studying,Special Needs Centre Ras Al Khaimah,Supported workplace with routine,62,Average,101
450,Farah Patel,971588564510,farah.patel.450@example.com,Omar Al Neyadi,971567000000,"Tailoring, Content writing",Autism,Autism Spectrum Disorder - High support,54,Bangladeshi,"Advanced IT (Web dev), Hospitality training, Special education support",Agriculture/Gardening,Studying,Online training - Coursera,Creative/design with clear briefs,83,Good,90
451,Asha Balakrishnan,971556057798,asha.balakrishnan.451@example.com,Huda Al Hammadi,971586000000,Admin assistance,Physical,Limb loss / amputation,34,Other,"Retail operations, Project-based training (3 months)",Manufacturing,Freelance,Not currently enrolled or employed,"Remote/desk roles (customer support, data entry)",70,Good,95
452,Mohammed Al Blooshi,971554238856,mohammed.al.blooshi.452@example.com,Ibrahim Nair,971527000000,"Graphic design, Security, Warehouse assistant",Hearing,Deaf,35,Emirati,"Vocational tailoring, Warehouse operations, Sign language (basic)",Handicrafts & Art,Unemployed,Not currently enrolled or employed,On-site assembly/packing,65,Average,115
453,Sara Al Blooshi,971522250139,sara.al.blooshi.453@example.com,Majid Al Rumaithi,971588000000,Tailoring,Mental Health,Chronic mental health condition,20,Emirati,"Data entry, Customer service, Barista & cafe skills",Logistics & Warehouse,Working,Gulf Vocational Center,Supportive workplace (part-time),67,Average,100
454,Noor Al Qubaisi,971561537038,noor.al.qubaisi.454@example.com,Hessa Al Mazroui,971553000000,Tailoring,Physical,Mobility impairment (wheelchair user),34,Emirati,"CNC basics, Mobile phone repair, Life skills & mobility training",Logistics & Warehouse,Freelance,Not currently enrolled or employed,"Remote/desk roles (customer support, data entry)",44,Below Average,108
455,Majid Al Qubaisi,971559645465,majid.al.qubaisi.455@example.com,Salma Al Blooshi,971565000000,"Sales support, Transcription, Warehouse assistant",Visual,Low vision,22,Other,,Data & Analytics,Unemployed,Not currently enrolled or employed,"Audio-based roles (call center, voice transcription)",74,Good,125
456,Asha Thomas,971588374907,asha.thomas.456@example.com,Maya Balakrishnan,971551000000,Graphic design,Hearing,Deaf,46,British,"Graphic design, Data entry",Agriculture/Gardening,Working,Not currently enrolled or employed,"Visual roles (data entry, graphic design)",60,Average,102
457,Maya Reddy,971582637484,maya.reddy.457@example.com,Rashid Al Ali,971553000000,Tailoring,Mental Health,Chronic mental health condition,38,Filipino,,Logistics & Warehouse,Working,Gulf Vocational Center,Creative/artisan roles,68,Average,118
458,Mariam Al Muhairi,971522071511,mariam.al.muhairi.458@example.com,Amelia Davis,971527000000,"Social media management, Sales support",Hearing,Hard of hearing,38,Emirati,,Retail,Working,Online training - Coursera,"Visual roles (data entry, graphic design)",63,Average,103
459,Fatima Al Blooshi,971551840908,fatima.al.blooshi.459@example.com,Zainab Al Hosani,971521000000,Accounting basics,Physical,Mobility impairment (wheelchair user),52,Pakistani,Project-based training (3 months),Customer Service,Studying,Online training - Coursera,Accessible admin/IT roles,74,Good,102
460,Ali Al Qubaisi,971549272827,ali.al.qubaisi.460@example.com,Mohammed Al Ali,971521000000,"Handicrafts, Web development",Autism,Autism Spectrum Disorder - High support,26,American,"CNC basics, Life skills & mobility training",Creative/Design,Working,Company A (Retail),"IT & structured tasks (data, QA)",58,Average,102
461,Ravi Varma,971525237360,ravi.varma.461@example.com,Omar Al Hammadi,971589000000,"Transcription, Handicrafts",Autism,Autism Spectrum Disorder - Low support,60,Pakistani,"Barista & cafe skills, Customer service",Customer Service,Unemployed,Not currently enrolled or employed,Creative/design with clear briefs,81,Good,87
462,Lucas Davis,971556170715,lucas.davis.462@example.com,Deepa Reddy,971547000000,"Transcription, Accounting basics, Warehouse assistant",Hearing,Hard of hearing,53,Jordanian,,Logistics & Warehouse,Studying,Special Needs Centre Ras Al Khaimah,On-site assembly/packing,66,Average,91
463,Latifa Al Mazroui,971526882850,latifa.al.mazroui.463@example.com,Emma Clark,971524000000,"Handicrafts, IT support",Learning,Dyslexia / learning difficulty,55,Emirati,"Basic IT (MS Office), Sign language (advanced)",Sales & Marketing,Unemployed,Not currently enrolled or employed,Supervised admin tasks,82,Good,81
464,Lucas Williams,971546022939,lucas.williams.464@example.com,Farah Reddy,971589000000,Sales support,Multiple,Multiple disabilities,42,Indian,"Project-based training (3 months), Basic IT (MS Office)",Sales & Marketing,Vocational training,Technical College Abu Dhabi,Customized supported employment plan,56,Average,104
465,Maya Nair,971583111271,maya.nair.465@example.com,Saeed Al Muhairi,971585000000,"Handicrafts, Graphic design",Hearing,Hard of hearing,22,Syrian,"Sign language (basic), Customer service, Soft skills & communication",IT & Digital,Working,Higher Learning Dubai,"Visual roles (data entry, graphic design)",88,Excellent,99
466,Huda Al Muhairi,971501369572,huda.al.muhairi.466@example.com,Mohammed Al Hammadi,971563000000,"Admin assistance, Handicrafts",Hearing,Deaf,32,Other,,Education Support,Working,Special Needs Centre Ras Al Khaimah,Back-office admin roles,56,Average,122
467,Hamad Al Hammadi,971525707139,hamad.al.hammadi.467@example.com,Kamal Nair,971529000000,Warehouse assistant,Autism,Autism Spectrum Disorder - High support,17,Filipino,"Advanced IT (Web dev), Customer service",Technical Repair,Studying,Online training - Coursera,"IT & structured tasks (data, QA)",43,Below Average,73
468,Rashid Al Mazroui,971526913098,rashid.al.mazroui.468@example.com,Omar Al Qubaisi,971586000000,"Admin assistance, Sales support, Web development",Autism,Autism Spectrum Disorder - Low support,32,Indian,"Life skills & mobility training, Retail operations, Sign language (advanced)",Retail,Working,Not currently enrolled or employed,"IT & structured tasks (data, QA)",71,Good,93
469,Lucas Jones,971525064207,lucas.jones.469@example.com,Latifa Al Neyadi,971553000000,"Admin assistance, Kitchen assistant",Mental Health,Chronic mental health condition,44,Indian,"Barista & cafe skills, Warehouse operations",Retail,Unemployed,Not currently enrolled or employed,Flexible hours roles (remote work),49,Below Average,108
470,Khalid Al Qubaisi,971529578654,khalid.al.qubaisi.470@example.com,Ali Al Shamsi,971509000000,Security,Visual,Blind / no vision,37,Pakistani,"Vocational tailoring, CNC basics, Basic IT (MS Office)",Accounting/Finance,Studying,Company C (IT services),IT roles with screen-reader support,68,Average,93
471,Rashid Al Muhairi,971586932657,rashid.al.muhairi.471@example.com,Ali Al Shamsi,971550000000,Warehouse assistant,Physical,Mobility impairment (wheelchair user),16,Other,,Manufacturing,Freelance,Not currently enrolled or employed,Accessible admin/IT roles,45,Below Average,110
472,Ali Al Neyadi,971541595977,ali.al.neyadi.472@example.com,Hamad Al Mansoori,971542000000,"Transcription, Sales support, Social media management",Autism,Autism Spectrum Disorder - High support,55,Indian,Hospitality training,Sales & Marketing,Freelance,Not currently enrolled or employed,Creative/design with clear briefs,74,Good,98
473,Mohammed Al Muhairi,971557672095,mohammed.al.muhairi.473@example.com,Amelia Allen,971527000000,"Retail cashier, Security, Web development",Hearing,Deaf,20,Emirati,,Technical Repair,Unemployed,Not currently enrolled or employed,Back-office admin roles,92,Excellent,87
474,Saeed Al Mansoori,971581597099,saeed.al.mansoori.474@example.com,Hamad Al Blooshi,971524000000,Retail cashier,Hearing,Deaf,26,Emirati,"CNC basics, Mobile phone repair",Manufacturing,Studying,Not currently enrolled or employed,Back-office admin roles,42,Below Average,91
475,Ravi Varma,971560290904,ravi.varma.475@example.com,Omar Al Falasi,971550000000,"Social media management, Transcription",Intellectual,Mild intellectual disability,37,Emirati,Online freelancing (Upwork),Handicrafts & Art,Working,Company A (Retail),Hospitality support roles with routines,64,Average,102
476,Saeed Al Ali,971500213125,saeed.al.ali.476@example.com,Rashid Al Neyadi,971521000000,"Warehouse assistant, IT support",Visual,Low vision,53,Filipino,,IT & Digital,Unemployed,Not currently enrolled or employed,"Audio-based roles (call center, voice transcription)",61,Average,104
477,Emma Johnson,971501063301,emma.johnson.477@example.com,Majid Al Neyadi,971554000000,"Data entry, Graphic design, Accounting basics",Multiple,Multiple disabilities,19,Indian,Data entry,Retail,Unemployed,Not currently enrolled or employed,Customized supported employment plan,46,Below Average,117
478,Arjun Thomas,971501325326,arjun.thomas.478@example.com,Deepa Patel,971567000000,"Social media management, Retail cashier, Accounting basics",Mental Health,Chronic mental health condition,31,Pakistani,,IT & Digital,Studying,Community College Sharjah,Creative/artisan roles,63,Average,113
479,Yusuf Al Hosani,971587015959,yusuf.al.hosani.479@example.com,Ravi Balakrishnan,971546000000,"Handicrafts, Bookkeeping, Accounting basics",Speech,Speech impairment,47,Indian,,Accounting/Finance,Working,Company A (Retail),IT & digital work,70,Good,105
480,Huda Al Shamsi,971527722660,huda.al.shamsi.480@example.com,Sophia Davis,971523000000,Security,Autism,Autism Spectrum Disorder - Low support,27,Emirati,"Customer service, Data entry, Barista & cafe skills",Administration,Studying,Private School Abu Dhabi,"IT & structured tasks (data, QA)",73,Good,105
481,Latifa Al Mansoori,971523797662,latifa.al.mansoori.481@example.com,Rahul Kumar,971541000000,Assembly & packing,Visual,Blind / no vision,49,Other,"Basic IT (MS Office), Bookkeeping, Vocational tailoring",Manufacturing,Vocational training,Freelance / Self-employed,IT roles with screen-reader support,74,Good,115
482,Aisha Al Qubaisi,971528455259,aisha.al.qubaisi.482@example.com,Emma Smith,971556000000,"Warehouse assistant, Gardening, Tailoring",Learning,Dyslexia / learning difficulty,46,Syrian,Customer service,Manufacturing,Unemployed,Not currently enrolled or employed,Hands-on vocational work,67,Average,108
483,Olivia Allen,971563379705,olivia.allen.483@example.com,Ravi Reddy,971523000000,"Handicrafts, Social media management",Autism,Autism Spectrum Disorder - Low support,33,Emirati,Retail operations,Creative/Design,Unemployed,Not currently enrolled or employed,Creative/design with clear briefs,63,Average,117
484,Ahmed Al Blooshi,971549782457,ahmed.al.blooshi.484@example.com,Amelia Hall,971524000000,"Assembly & packing, Data entry",Autism,Autism Spectrum Disorder - High support,48,Indian,"Data entry, Sign language (basic)",Retail,Working,Technical College Abu Dhabi,Supported workplace with routine,54,Average,121
485,Anoop Singh,971547276829,anoop.singh.485@example.com,Saeed Al Hosani,971547000000,IT support,Autism,Autism Spectrum Disorder - Low support,24,Indian,,Creative/Design,Working,Company A (Retail),Creative/design with clear briefs,64,Average,82
486,Huda Al Ali,971506562590,huda.al.ali.486@example.com,Priya Balakrishnan,971529000000,"Accounting basics, Bookkeeping, Graphic design",Physical,Limb loss / amputation,24,Emirati,"Retail operations, Barista & cafe skills",Hospitality,Working,Higher Learning Dubai,Accessible admin/IT roles,66,Average,91
487,Mohammed Al Ali,971556281372,mohammed.al.ali.487@example.com,Hessa Al Neyadi,971521000000,Web development,Physical,Mobility impairment (wheelchair user),30,Jordanian,"Barista & cafe skills, Warehouse operations",Data & Analytics,Vocational training,Private School Abu Dhabi,"Remote/desk roles (customer support, data entry)",77,Good,92
488,Sanjay Cherian,971506810390,sanjay.cherian.488@example.com,Rashid Al Shamsi,971505000000,"Tailoring, Retail cashier, Social media management",Visual,Blind / no vision,25,Pakistani,"Soft skills & communication, Warehouse operations",Retail,Unemployed,Not currently enrolled or employed,IT roles with screen-reader support,58,Average,77
489,Khalid Al Blooshi,971546147079,khalid.al.blooshi.489@example.com,Mason Davis,971522000000,"Handicrafts, Gardening",Speech,Speech impairment,52,Jordanian,"Retail operations, CNC basics",IT & Digital,Vocational training,Online training - Coursera,Graphic design/creative roles,58,Average,70
490,Ethan Williams,971560403253,ethan.williams.490@example.com,Asha Reddy,971586000000,"Bookkeeping, Graphic design, IT support",Autism,Autism Spectrum Disorder - High support,54,Indian,,Creative/Design,Studying,Technical College Abu Dhabi,"IT & structured tasks (data, QA)",41,Below Average,109
491,Liam Jones,971556921053,liam.jones.491@example.com,Anoop Thomas,971541000000,IT support,Hearing,Hard of hearing,25,Indian,,Technical Repair,Freelance,Not currently enrolled or employed,On-site assembly/packing,76,Good,105
492,Aisha Al Hosani,971583798440,aisha.al.hosani.492@example.com,Maya Singh,971582000000,"Accounting basics, Data entry",Intellectual,Moderate intellectual disability,43,Bangladeshi,,Sales & Marketing,Studying,Special Needs Centre Ras Al Khaimah,Hospitality support roles with routines,50,Average,99
493,Omar Al Neyadi,971524043370,omar.al.neyadi.493@example.com,Liam Allen,971527000000,"Transcription, Accounting basics",Physical,Limb loss / amputation,54,Indian,"Retail operations, Life skills & mobility training",Logistics & Warehouse,Studying,Not currently enrolled or employed,Supervised workshop tasks,64,Average,86
494,Hamad Al Qubaisi,971555754278,hamad.al.qubaisi.494@example.com,Yusuf Al Hosani,971564000000,Warehouse assistant,Multiple,Multiple disabilities,59,Emirati,Project-based training (3 months),Manufacturing,Working,Not currently enrolled or employed,Customized supported employment plan,87,Excellent,110
495,Rashid Al Muhairi,971523616188,rashid.al.muhairi.495@example.com,Aisha Al Qubaisi,971505000000,"Content writing, Security",Hearing,Deaf,39,Pakistani,Special education support,Manufacturing,Unemployed,Not currently enrolled or employed,Back-office admin roles,61,Average,100
496,Ravi Raj,971587230817,ravi.raj.496@example.com,Fatima Al Rumaithi,971544000000,Handicrafts,Physical,Mobility impairment (wheelchair user),17,Emirati,Graphic design,Hospitality,Working,Higher Learning Dubai,Accessible admin/IT roles,68,Average,75
497,Lucas Smith,971589456534,lucas.smith.497@example.com,Rashid Al Shamsi,971590000000,"Security, Transcription",Hearing,Deaf,17,Indian,,Education Support,Vocational training,Company C (IT services),On-site assembly/packing,61,Average,91
498,Mia Smith,971550717481,mia.smith.498@example.com,Aisha Al Shamsi,971555000000,"IT support, Data entry",Autism,Autism Spectrum Disorder - High support,44,Emirati,Special education support,Creative/Design,Vocational training,Technical College Abu Dhabi,Supported workplace with routine,49,Below Average,96
499,Majid Al Muhairi,971554968049,majid.al.muhairi.499@example.com,Majid Al Shamsi,971527000000,Handicrafts,Intellectual,Mild intellectual disability,23,Egyptian,"Online freelancing (Upwork), Sign language (advanced), Basic IT (MS Office)",Education Support,Unemployed,Not currently enrolled or employed,Hospitality support roles with routines,91,Excellent,107
500,Lucas Smith,971542359737,lucas.smith.500@example.com,Emma Brown,971522000000,"Content writing, Kitchen assistant, Transcription",Hearing,Deaf,60,Indian,,Education Support,Working,Special Needs Centre Ras Al Khaimah,On-site assembly/packing,56,Average,106
501,Anoop Singh,971501457683,anoop.singh.501@example.com,Noah Brown,971502000000,Accounting basics,Hearing,Deaf,51,Indian,"Hospitality training, Life skills & mobility training, Advanced IT (Web dev)",Administration,Studying,Special Needs Centre Ras Al Khaimah,"Visual roles (data entry, graphic design)",85,Excellent,111
502,Anoop Kumar,971540801849,anoop.kumar.502@example.com,Sanjay Nair,971544000000,"Transcription, Graphic design, Web development",Visual,Blind / no vision,22,Emirati,Soft skills & communication,Retail,Unemployed,Not currently enrolled or employed,"Audio-based roles (call center, voice transcription)",65,Average,92
503,Ravi Balakrishnan,971523653460,ravi.balakrishnan.503@example.com,Anjali Varma,971526000000,Sales support,Multiple,Multiple disabilities,30,Jordanian,"Vocational tailoring, Sign language (advanced), Soft skills & communication",Handicrafts & Art,Working,Higher Learning Dubai,Customized supported employment plan,75,Good,104
504,Ahmed Al Falasi,971508120546,ahmed.al.falasi.504@example.com,Saeed Al Mansoori,971529000000,"Tailoring, Gardening, Web development",Intellectual,Mild intellectual disability,60,Filipino,"Barista & cafe skills, Graphic design, Online freelancing (Upwork)",Manufacturing,Working,Company C (IT services),Hospitality support roles with routines,78,Good,107
505,Hessa Al Mansoori,971524983553,hessa.al.mansoori.505@example.com,Priya Patel,971526000000,"Web development, Retail cashier, Handicrafts",Learning,Dyslexia / learning difficulty,58,Emirati,"Life skills & mobility training, Project-based training (3 months)",Manufacturing,Studying,Company A (Retail),Hands-on vocational work,80,Good,93
506,Ravi Thomas,971584339527,ravi.thomas.506@example.com,Huda Al Shamsi,971585000000,"Transcription, Security",Autism,Autism Spectrum Disorder - Low support,20,Indian,,Hospitality,Studying,Special Needs Centre Ras Al Khaimah,Creative/design with clear briefs,84,Good,102
507,Kamal Balakrishnan,971524896340,kamal.balakrishnan.507@example.com,Mia Allen,971508000000,Customer support,Physical,Limb loss / amputation,39,Syrian,,Handicrafts & Art,Studying,Company B (Hospitality),Accessible admin/IT roles,96,Excellent,91
508,Aisha Al Rumaithi,971586309001,aisha.al.rumaithi.508@example.com,Mariam Al Rumaithi,971545000000,"Bookkeeping, Web development",Autism,Autism Spectrum Disorder - Low support,33,Other,,Logistics & Warehouse,Vocational training,Online training - Coursera,"IT & structured tasks (data, QA)",91,Excellent,102
509,Lucas Williams,971569021994,lucas.williams.509@example.com,Emma Brown,971526000000,Retail cashier,Visual,Blind / no vision,33,Emirati,"Special education support, Warehouse operations, CNC basics",Administration,Studying,Higher Learning Dubai,"Tactile/vocational roles (tailoring, assembly)",55,Average,94
510,Maya Nair,971586960843,maya.nair.510@example.com,Mia Davis,971529000000,"Web development, Graphic design",Intellectual,Mild intellectual disability,44,Filipino,"Vocational tailoring, Warehouse operations, Sign language (basic)",Administration,Working,Private School Abu Dhabi,Supported employment with job coach,60,Average,105
511,Noor Al Neyadi,971559709317,noor.al.neyadi.511@example.com,Anjali Reddy,971566000000,"Bookkeeping, Social media management",Intellectual,Mild intellectual disability,21,Indian,"Data entry, Online freelancing (Upwork)",Retail,Studying,Company C (IT services),Hospitality support roles with routines,72,Good,93
512,Kamal Raj,971520650312,kamal.raj.512@example.com,Latifa Al Mazroui,971542000000,Bookkeeping,Multiple,Multiple disabilities,43,Indian,"Bookkeeping, Vocational tailoring, Soft skills & communication",Hospitality,Studying,Higher Learning Dubai,Customized supported employment plan,64,Average,125
513,Deepa Menon,971522487623,deepa.menon.513@example.com,Khalid Al Qubaisi,971581000000,"Accounting basics, Web development",Speech,Speech impairment,45,Pakistani,Sign language (advanced),Data & Analytics,Studying,Gulf Vocational Center,IT & digital work,90,Excellent,105
514,Anjali Mohan,971560622072,anjali.mohan.514@example.com,Olivia Allen,971526000000,Tailoring,Mental Health,Chronic mental health condition,23,Egyptian,,Hospitality,Freelance,Not currently enrolled or employed,Flexible hours roles (remote work),65,Average,101
515,Sara Al Ali,971527688687,sara.al.ali.515@example.com,Mason Taylor,971530000000,Handicrafts,Autism,Autism Spectrum Disorder - High support,47,Emirati,,Agriculture/Gardening,Freelance,Not currently enrolled or employed,Creative/design with clear briefs,74,Good,87
516,Yusuf Al Falasi,971554505730,yusuf.al.falasi.516@example.com,Ali Al Shamsi,971529000000,"Admin assistance, Tailoring",Visual,Blind / no vision,44,Indian,"Sign language (basic), CNC basics",Retail,Working,Technical College Abu Dhabi,"Audio-based roles (call center, voice transcription)",61,Average,79
517,Emma Jones,971540576619,emma.jones.517@example.com,Majid Al Ali,971551000000,Web development,Autism,Autism Spectrum Disorder - High support,26,Emirati,"Advanced IT (Web dev), Basic IT (MS Office)",Logistics & Warehouse,Studying,Company B (Hospitality),Creative/design with clear briefs,70,Good,107
518,Huda Al Blooshi,971529759545,huda.al.blooshi.518@example.com,Majid Al Qubaisi,971508000000,Security,Autism,Autism Spectrum Disorder - High support,20,Other,"CNC basics, Data entry",Retail,Studying,Online training - Coursera,"IT & structured tasks (data, QA)",57,Average,118
519,Sanjay Reddy,971520040236,sanjay.reddy.519@example.com,Anoop Nair,971559000000,"Graphic design, Bookkeeping",Multiple,Multiple disabilities,18,Indian,"Vocational tailoring, Online freelancing (Upwork), Hospitality training",Hospitality,Vocational training,Community College Sharjah,Customized supported employment plan,46,Below Average,82
520,Priya Cherian,971549885582,priya.cherian.520@example.com,Reema Thomas,971568000000,"Retail cashier, Sales support, Security",Intellectual,Moderate intellectual disability,33,Indian,,Agriculture/Gardening,Working,Special Needs Centre Ras Al Khaimah,"Structured vocational roles (assembly, packaging)",68,Average,112
521,Mason Williams,971523372188,mason.williams.521@example.com,Huda Al Falasi,971565000000,Assembly & packing,Learning,Dyslexia / learning difficulty,20,Syrian,"Mobile phone repair, Customer service, Project-based training (3 months)",Customer Service,Freelance,Not currently enrolled or employed,Supervised admin tasks,90,Excellent,94
522,Emma Jones,971527769366,emma.jones.522@example.com,Ethan Williams,971563000000,Data entry,Multiple,Multiple disabilities,21,Emirati,Life skills & mobility training,Education Support,Working,Higher Learning Dubai,Customized supported employment plan,81,Good,99
523,Noah Smith,971507202455,noah.smith.523@example.com,Ravi Kumar,971525000000,Accounting basics,Autism,Autism Spectrum Disorder - Low support,16,Bangladeshi,"Online freelancing (Upwork), Hospitality training, Data entry",Agriculture/Gardening,Working,Company B (Hospitality),"IT & structured tasks (data, QA)",62,Average,110
524,Ethan Johnson,971507942817,ethan.johnson.524@example.com,Asha Patel,971507000000,"Assembly & packing, Bookkeeping",Hearing,Hard of hearing,34,Filipino,"Barista & cafe skills, Sign language (basic)",Administration,Working,Not currently enrolled or employed,"Visual roles (data entry, graphic design)",74,Good,81
525,Mohammed Al Qubaisi,971502172214,mohammed.al.qubaisi.525@example.com,Asha Varma,971564000000,"Customer support, Kitchen assistant, Accounting basics",Hearing,Hard of hearing,29,American,"Sign language (basic), Retail operations, Graphic design",IT & Digital,Studying,Special Needs Centre Ras Al Khaimah,On-site assembly/packing,87,Excellent,116
526,Omar Al Shamsi,971586572565,omar.al.shamsi.526@example.com,Amelia Johnson,971502000000,"Sales support, Social media management, Handicrafts",Physical,Mobility impairment (wheelchair user),24,Emirati,Mobile phone repair,IT & Digital,Unemployed,Not currently enrolled or employed,Supervised workshop tasks,55,Average,104
527,Saeed Al Qubaisi,971545017833,saeed.al.qubaisi.527@example.com,Majid Al Mansoori,971567000000,"Gardening, Transcription, Retail cashier",Speech,Speech impairment,18,Indian,"Advanced IT (Web dev), Bookkeeping, Barista & cafe skills",IT & Digital,Working,Freelance / Self-employed,"Back-office roles (data entry, admin)",72,Good,103
528,Farah Reddy,971559935937,farah.reddy.528@example.com,Mohammed Al Neyadi,971589000000,"Bookkeeping, Security",Physical,Mobility impairment (wheelchair user),30,Other,,Education Support,Studying,Higher Learning Dubai,Accessible admin/IT roles,56,Average,91
529,Farah Mohan,971550849079,farah.mohan.529@example.com,Latifa Al Mansoori,971521000000,"Graphic design, Warehouse assistant",Learning,Dyslexia / learning difficulty,28,Emirati,Online freelancing (Upwork),IT & Digital,Studying,Not currently enrolled or employed,Hands-on vocational work,64,Average,114
530,Noor Al Hammadi,971546263251,noor.al.hammadi.530@example.com,Sanjay Patel,971568000000,Admin assistance,Physical,Limb loss / amputation,33,Other,"Hospitality training, Soft skills & communication",Data & Analytics,Unemployed,Not currently enrolled or employed,Supervised workshop tasks,73,Good,95
531,Ravi Cherian,971589415152,ravi.cherian.531@example.com,Khalid Al Ali,971541000000,"Handicrafts, Sales support, Kitchen assistant",Visual,Low vision,49,Bangladeshi,,Manufacturing,Unemployed,Not currently enrolled or employed,"Tactile/vocational roles (tailoring, assembly)",76,Good,65
532,Majid Al Falasi,971522397913,majid.al.falasi.532@example.com,Mia Hall,971528000000,"Data entry, Kitchen assistant",Intellectual,Moderate intellectual disability,28,Emirati,"Mobile phone repair, Basic IT (MS Office)",Manufacturing,Unemployed,Not currently enrolled or employed,"Structured vocational roles (assembly, packaging)",82,Good,79
533,Aisha Al Qubaisi,971568192778,aisha.al.qubaisi.533@example.com,Sophia Brown,971561000000,"Web development, Social media management",Physical,Mobility impairment (wheelchair user),22,Emirati,"Customer service, Data entry, Barista & cafe skills",Creative/Design,Working,Higher Learning Dubai,Supervised workshop tasks,59,Average,86
534,Omar Al Mansoori,971584600452,omar.al.mansoori.534@example.com,Reema Nair,971570000000,Accounting basics,Speech,Speech impairment,37,Indian,Special education support,Data & Analytics,Studying,Technical College Abu Dhabi,IT & digital work,45,Below Average,113
535,Latifa Al Ali,971521898484,latifa.al.ali.535@example.com,Huda Al Mazroui,971546000000,"Customer support, Sales support",Physical,Limb loss / amputation,53,Emirati,"Warehouse operations, Life skills & mobility training",Hospitality,Working,Company C (IT services),Supervised workshop tasks,57,Average,104
536,Olivia Brown,971542291073,olivia.brown.536@example.com,Neha Nair,971588000000,Customer support,Speech,Speech impairment,28,Indian,"Sign language (basic), Warehouse operations, Project-based training (3 months)",Creative/Design,Working,Community College Sharjah,"Back-office roles (data entry, admin)",64,Average,105
537,Rashid Al Falasi,971564439164,rashid.al.falasi.537@example.com,Maya Kumar,971507000000,"Bookkeeping, Web development, Customer support",Multiple,Multiple disabilities,57,Filipino,Sign language (advanced),Accounting/Finance,Studying,Higher Learning Dubai,Customized supported employment plan,66,Average,84
538,Neha Raj,971541903106,neha.raj.538@example.com,Khalid Al Shamsi,971522000000,Web development,Learning,Dyslexia / learning difficulty,33,Indian,Warehouse operations,Manufacturing,Studying,Freelance / Self-employed,Hands-on vocational work,79,Good,94
539,Omar Al Mansoori,971550406720,omar.al.mansoori.539@example.com,Reema Kumar,971588000000,"Data entry, Sales support",Visual,Low vision,34,Indian,,Agriculture/Gardening,Working,Special Needs Centre Ras Al Khaimah,IT roles with screen-reader support,41,Below Average,94
540,Khalid Al Rumaithi,971524764273,khalid.al.rumaithi.540@example.com,Ali Al Mazroui,971524000000,"Social media management, IT support, Tailoring",Physical,Limb loss / amputation,33,Jordanian,"Warehouse operations, Basic IT (MS Office)",Hospitality,Vocational training,Higher Learning Dubai,"Remote/desk roles (customer support, data entry)",87,Excellent,110
541,Ethan Williams,971528998278,ethan.williams.541@example.com,Ahmed Al Blooshi,971529000000,"Assembly & packing, Social media management, Gardening",Visual,Low vision,22,Jordanian,Warehouse operations,Sales & Marketing,Unemployed,Not currently enrolled or employed,IT roles with screen-reader support,59,Average,95
542,Priya Singh,971557933505,priya.singh.542@example.com,Salma Al Ali,971547000000,Handicrafts,Autism,Autism Spectrum Disorder - Low support,24,Emirati,"Mobile phone repair, Life skills & mobility training, Graphic design",Hospitality,Vocational training,Company B (Hospitality),Creative/design with clear briefs,60,Average,124
543,Arjun Thomas,971523510409,arjun.thomas.543@example.com,Hessa Al Hammadi,971567000000,"Bookkeeping, Customer support, Sales support",Physical,Limb loss / amputation,32,Bangladeshi,"Life skills & mobility training, Vocational tailoring",Sales & Marketing,Unemployed,Not currently enrolled or employed,Supervised workshop tasks,70,Good,105
544,Omar Al Neyadi,971526511893,omar.al.neyadi.544@example.com,Ethan Smith,971556000000,"Handicrafts, Accounting basics",Learning,Dyslexia / learning difficulty,52,Emirati,Sign language (advanced),Accounting/Finance,Studying,Gulf Vocational Center,Roles with assistive tech (auditory support),80,Good,102
545,Olivia Johnson,971547073920,olivia.johnson.545@example.com,Khalid Al Blooshi,971585000000,"Accounting basics, Assembly & packing, IT support",Physical,Mobility impairment (wheelchair user),26,Indian,,Data & Analytics,Studying,Higher Learning Dubai,"Remote/desk roles (customer support, data entry)",61,Average,97
546,Yusuf Al Neyadi,971582488899,yusuf.al.neyadi.546@example.com,Mia Johnson,971530000000,"Tailoring, Handicrafts",Autism,Autism Spectrum Disorder - Low support,44,Indian,,Administration,Working,Private School Abu Dhabi,Supported workplace with routine,63,Average,99
547,Ravi Balakrishnan,971502038187,ravi.balakrishnan.547@example.com,Rashid Al Rumaithi,971582000000,"Transcription, Graphic design, Bookkeeping",Visual,Blind / no vision,19,Pakistani,,Manufacturing,Working,Higher Learning Dubai,"Tactile/vocational roles (tailoring, assembly)",75,Good,100
548,Latifa Al Muhairi,971522067323,latifa.al.muhairi.548@example.com,Ravi Mohan,971530000000,"Data entry, Customer support",Intellectual,Moderate intellectual disability,26,Egyptian,,Data & Analytics,Studying,Freelance / Self-employed,Hospitality support roles with routines,75,Good,99
549,Ahmed Al Hosani,971542911371,ahmed.al.hosani.549@example.com,Latifa Al Hammadi,971541000000,"Retail cashier, Tailoring, Social media management",Learning,Dyslexia / learning difficulty,23,Bangladeshi,Graphic design,Logistics & Warehouse,Unemployed,Not currently enrolled or employed,Hands-on vocational work,66,Average,76
550,Kamal Cherian,971547812248,kamal.cherian.550@example.com,Anjali Varma,971557000000,"Bookkeeping, Security",Autism,Autism Spectrum Disorder - Low support,19,Emirati,"Barista & cafe skills, Graphic design",Manufacturing,Unemployed,Not currently enrolled or employed,Creative/design with clear briefs,78,Good,104
551,Anoop Reddy,971561362483,anoop.reddy.551@example.com,Sophia Smith,971544000000,Bookkeeping,Learning,Dyslexia / learning difficulty,46,Emirati,"Project-based training (3 months), Life skills & mobility training, CNC basics",Agriculture/Gardening,Working,Technical College Abu Dhabi,Hands-on vocational work,79,Good,65
552,Reema Mohan,971522104016,reema.mohan.552@example.com,Majid Al Hosani,971568000000,"Handicrafts, Content writing",Intellectual,Moderate intellectual disability,31,Pakistani,,Education Support,Working,Gulf Vocational Center,Hospitality support roles with routines,96,Excellent,98
553,Huda Al Qubaisi,971584289464,huda.al.qubaisi.553@example.com,Salma Al Falasi,971523000000,Security,Speech,Speech impairment,32,Emirati,"Warehouse operations, Vocational tailoring",Manufacturing,Freelance,Not currently enrolled or employed,IT & digital work,81,Good,87
554,Reema Kumar,971526355824,reema.kumar.554@example.com,Ahmed Al Hammadi,971508000000,Bookkeeping,Autism,Autism Spectrum Disorder - Low support,49,Pakistani,,Manufacturing,Studying,Not currently enrolled or employed,Supported workplace with routine,74,Good,87
555,Reema Patel,971542790504,reema.patel.555@example.com,Anjali Patel,971523000000,Security,Autism,Autism Spectrum Disorder - Low support,36,American,Customer service,Data & Analytics,Studying,Higher Learning Dubai,Supported workplace with routine,55,Average,122
556,Kamal Cherian,971581809339,kamal.cherian.556@example.com,Khalid Al Shamsi,971523000000,"Content writing, Sales support, Warehouse assistant",Mental Health,Chronic mental health condition,20,Other,"Hospitality training, CNC basics, Soft skills & communication",Creative/Design,Working,Company B (Hospitality),Creative/artisan roles,62,Average,102
557,Liam Smith,971523009156,liam.smith.557@example.com,Ali Al Qubaisi,971560000000,"IT support, Assembly & packing, Data entry",Mental Health,Chronic mental health condition,34,Bangladeshi,Warehouse operations,Manufacturing,Vocational training,Community College Sharjah,Flexible hours roles (remote work),78,Good,105
558,Emma Jones,971561189418,emma.jones.558@example.com,Salma Al Falasi,971568000000,"Tailoring, Content writing, Web development",Visual,Low vision,26,Other,,Administration,Working,Community College Sharjah,"Tactile/vocational roles (tailoring, assembly)",67,Average,104
559,Fatima Al Mansoori,971504288605,fatima.al.mansoori.559@example.com,Ibrahim Varma,971528000000,Customer support,Physical,Limb loss / amputation,24,Indian,Advanced IT (Web dev),Logistics & Warehouse,Unemployed,Not currently enrolled or employed,Accessible admin/IT roles,100,Excellent,99
560,Mariam Al Hosani,971520627153,mariam.al.hosani.560@example.com,Hamad Al Neyadi,971546000000,"Sales support, Assembly & packing, Transcription",Intellectual,Mild intellectual disability,52,Emirati,Project-based training (3 months),Administration,Freelance,Not currently enrolled or employed,Supported employment with job coach,68,Average,112
561,Mohammed Al Hosani,971524808735,mohammed.al.hosani.561@example.com,Omar Al Hammadi,971568000000,"Kitchen assistant, Admin assistance, Data entry",Autism,Autism Spectrum Disorder - Low support,23,Emirati,,Logistics & Warehouse,Working,Company C (IT services),Supported workplace with routine,81,Good,114
562,Ibrahim Patel,971549207492,ibrahim.patel.562@example.com,Mariam Al Rumaithi,971570000000,"Admin assistance, Graphic design, Content writing",Learning,Dyslexia / learning difficulty,54,Jordanian,"Customer service, Life skills & mobility training",Data & Analytics,Working,Private School Abu Dhabi,Hands-on vocational work,74,Good,86
563,Olivia Johnson,971549140849,olivia.johnson.563@example.com,Reema Raj,971523000000,Assembly & packing,Intellectual,Mild intellectual disability,52,Pakistani,,Logistics & Warehouse,Working,Private School Abu Dhabi,Hospitality support roles with routines,89,Excellent,86
564,Yusuf Al Mazroui,971587234838,yusuf.al.mazroui.564@example.com,Priya Menon,971590000000,"Assembly & packing, IT support",Multiple,Multiple disabilities,34,Bangladeshi,Special education support,Agriculture/Gardening,Working,Technical College Abu Dhabi,Customized supported employment plan,69,Average,90
565,Reema Nair,971559582641,reema.nair.565@example.com,Anoop Balakrishnan,971556000000,"Web development, Handicrafts, Content writing",Speech,Speech impairment,43,Emirati,"Special education support, Barista & cafe skills",Technical Repair,Unemployed,Not currently enrolled or employed,IT & digital work,64,Average,103
566,Ethan Davis,971562394840,ethan.davis.566@example.com,Noah Clark,971523000000,Security,Intellectual,Mild intellectual disability,20,Other,Graphic design,Hospitality,Vocational training,Company C (IT services),Supported employment with job coach,69,Average,105
567,Liam Smith,971506809414,liam.smith.567@example.com,Ravi Thomas,971541000000,Customer support,Intellectual,Moderate intellectual disability,57,Indian,"Sign language (advanced), Data entry",Handicrafts & Art,Studying,Company A (Retail),Supported employment with job coach,89,Excellent,105
568,Noor Al Falasi,971520726629,noor.al.falasi.568@example.com,Ahmed Al Ali,971522000000,"Data entry, Security",Mental Health,Chronic mental health condition,54,Emirati,"Graphic design, Sign language (basic)",Administration,Studying,Online training - Coursera,Flexible hours roles (remote work),61,Average,111
569,Sophia Taylor,971582356178,sophia.taylor.569@example.com,Mia Smith,971522000000,Content writing,Physical,Limb loss / amputation,30,Jordanian,"Customer service, CNC basics",Customer Service,Working,Community College Sharjah,Accessible admin/IT roles,82,Good,85
570,Khalid Al Shamsi,971508444902,khalid.al.shamsi.570@example.com,Sophia Smith,971526000000,Social media management,Hearing,Hard of hearing,19,Emirati,,Education Support,Working,Higher Learning Dubai,"Visual roles (data entry, graphic design)",73,Good,108
571,Mia Hall,971522102179,mia.hall.571@example.com,Neha Singh,971583000000,"Tailoring, Admin assistance, Bookkeeping",Hearing,Deaf,47,Syrian,"Sign language (advanced), Life skills & mobility training, Project-based training (3 months)",Technical Repair,Studying,Company B (Hospitality),"Visual roles (data entry, graphic design)",60,Average,116
572,Priya Reddy,971505397079,priya.reddy.572@example.com,Rahul Reddy,971552000000,Data entry,Intellectual,Mild intellectual disability,49,Syrian,"Basic IT (MS Office), Warehouse operations",Logistics & Warehouse,Studying,Freelance / Self-employed,"Structured vocational roles (assembly, packaging)",62,Average,101
573,Zainab Al Blooshi,971582165058,zainab.al.blooshi.573@example.com,Emma Jones,971559000000,"Tailoring, Customer support",Visual,Low vision,36,Pakistani,"Sign language (advanced), Mobile phone repair",Agriculture/Gardening,Vocational training,Special Needs Centre Ras Al Khaimah,IT roles with screen-reader support,62,Average,100
574,Noah Johnson,971505093869,noah.johnson.574@example.com,Sanjay Mohan,971542000000,"Kitchen assistant, Admin assistance",Learning,Dyslexia / learning difficulty,20,Filipino,"Advanced IT (Web dev), CNC basics, Graphic design",Manufacturing,Freelance,Not currently enrolled or employed,Roles with assistive tech (auditory support),48,Below Average,82
575,Lucas Clark,971557382097,lucas.clark.575@example.com,Fatima Al Qubaisi,971508000000,"Content writing, Sales support",Visual,Low vision,55,Pakistani,Customer service,Manufacturing,Working,Online training - Coursera,"Tactile/vocational roles (tailoring, assembly)",88,Excellent,89
576,Liam Hall,971548062350,liam.hall.576@example.com,Farah Kumar,971586000000,Social media management,Physical,Mobility impairment (wheelchair user),17,Egyptian,Barista & cafe skills,Creative/Design,Working,Special Needs Centre Ras Al Khaimah,"Remote/desk roles (customer support, data entry)",50,Average,74
577,Lucas Clark,971566325942,lucas.clark.577@example.com,Rahul Nair,971589000000,Social media management,Autism,Autism Spectrum Disorder - Low support,22,Indian,,Sales & Marketing,Vocational training,Community College Sharjah,"IT & structured tasks (data, QA)",55,Average,84
578,Priya Thomas,971552562926,priya.thomas.578@example.com,Olivia Williams,971549000000,Sales support,Autism,Autism Spectrum Disorder - High support,41,Indian,"Warehouse operations, Life skills & mobility training",Manufacturing,Studying,Community College Sharjah,Creative/design with clear briefs,89,Excellent,112
579,Sanjay Patel,971520349189,sanjay.patel.579@example.com,Aisha Al Shamsi,971567000000,Kitchen assistant,Visual,Blind / no vision,33,Bangladeshi,Warehouse operations,Handicrafts & Art,Studying,Special Needs Centre Ras Al Khaimah,"Tactile/vocational roles (tailoring, assembly)",54,Average,127
580,Saeed Al Neyadi,971503259367,saeed.al.neyadi.580@example.com,Kamal Singh,971527000000,"IT support, Retail cashier, Graphic design",Multiple,Multiple disabilities,25,Egyptian,,Data & Analytics,Working,Company A (Retail),Customized supported employment plan,79,Good,96
581,Majid Al Hosani,971589878092,majid.al.hosani.581@example.com,Anjali Patel,971542000000,"Assembly & packing, Tailoring, Customer support",Visual,Low vision,24,Other,"Special education support, Soft skills & communication",Education Support,Unemployed,Not currently enrolled or employed,"Tactile/vocational roles (tailoring, assembly)",30,Needs Support,127
582,Sanjay Patel,971522275854,sanjay.patel.582@example.com,Priya Thomas,971567000000,Graphic design,Visual,Low vision,35,Other,"Barista & cafe skills, Basic IT (MS Office), Customer service",Technical Repair,Unemployed,Not currently enrolled or employed,"Audio-based roles (call center, voice transcription)",44,Below Average,80
583,Noor Al Blooshi,971583931321,noor.al.blooshi.583@example.com,Reema Varma,971503000000,"Accounting basics, IT support, Retail cashier",Visual,Blind / no vision,56,Filipino,"Bookkeeping, Soft skills & communication",Logistics & Warehouse,Vocational training,Private School Abu Dhabi,IT roles with screen-reader support,80,Good,129
584,Asha Cherian,971527367746,asha.cherian.584@example.com,Ahmed Al Muhairi,971548000000,Web development,Visual,Blind / no vision,27,Egyptian,Graphic design,Retail,Studying,Gulf Vocational Center,IT roles with screen-reader support,85,Excellent,106
585,Noor Al Qubaisi,971500601836,noor.al.qubaisi.585@example.com,Hamad Al Neyadi,971589000000,"Admin assistance, Accounting basics, Gardening",Intellectual,Mild intellectual disability,49,Egyptian,"Online freelancing (Upwork), CNC basics",Manufacturing,Working,Community College Sharjah,Hospitality support roles with routines,73,Good,110
586,Maya Nair,971552905291,maya.nair.586@example.com,Ibrahim Menon,971588000000,Sales support,Autism,Autism Spectrum Disorder - High support,27,Egyptian,Graphic design,Customer Service,Vocational training,Online training - Coursera,Creative/design with clear briefs,76,Good,103
587,Asha Raj,971569205222,asha.raj.587@example.com,Deepa Balakrishnan,971526000000,"Web development, Bookkeeping, Accounting basics",Learning,Dyslexia / learning difficulty,35,Emirati,"Retail operations, Sign language (advanced)",Data & Analytics,Vocational training,Company B (Hospitality),Roles with assistive tech (auditory support),66,Average,99
588,Noor Al Mansoori,971551777326,noor.al.mansoori.588@example.com,Ahmed Al Qubaisi,971544000000,"Admin assistance, Data entry, Accounting basics",Intellectual,Moderate intellectual disability,54,Bangladeshi,CNC basics,Hospitality,Studying,Community College Sharjah,"Structured vocational roles (assembly, packaging)",53,Average,96
589,Deepa Cherian,971528713752,deepa.cherian.589@example.com,Kamal Mohan,971522000000,Customer support,Mental Health,Chronic mental health condition,19,Pakistani,,Handicrafts & Art,Unemployed,Not currently enrolled or employed,Supportive workplace (part-time),39,Needs Support,98
590,Rahul Cherian,971568897535,rahul.cherian.590@example.com,Priya Nair,971529000000,"Graphic design, Gardening, Warehouse assistant",Hearing,Hard of hearing,31,Other,,Customer Service,Studying,Gulf Vocational Center,"Visual roles (data entry, graphic design)",50,Average,86
591,Amelia Brown,971502929501,amelia.brown.591@example.com,Omar Al Mansoori,971588000000,"Gardening, Sales support, Graphic design",Intellectual,Mild intellectual disability,46,Emirati,,Retail,Working,Freelance / Self-employed,"Structured vocational roles (assembly, packaging)",67,Average,116
592,Ravi Raj,971521767201,ravi.raj.592@example.com,Asha Menon,971501000000,Admin assistance,Physical,Mobility impairment (wheelchair user),23,Filipino,Barista & cafe skills,Sales & Marketing,Unemployed,Not currently enrolled or employed,Supervised workshop tasks,78,Good,81
593,Farah Raj,971529304936,farah.raj.593@example.com,Khalid Al Ali,971503000000,Transcription,Visual,Low vision,22,Emirati,"Soft skills & communication, Customer service, Barista & cafe skills",Creative/Design,Studying,Freelance / Self-employed,"Tactile/vocational roles (tailoring, assembly)",50,Average,111
594,Noah Allen,971546209355,noah.allen.594@example.com,Reema Singh,971520000000,Admin assistance,Intellectual,Moderate intellectual disability,17,Syrian,,Retail,Working,Private School Abu Dhabi,Supported employment with job coach,50,Average,97
595,Kamal Varma,971554230412,kamal.varma.595@example.com,Omar Al Mazroui,971552000000,"Tailoring, Customer support, Admin assistance",Intellectual,Moderate intellectual disability,33,Emirati,,Education Support,Working,Company C (IT services),"Structured vocational roles (assembly, packaging)",73,Good,88
596,Ali Al Muhairi,971524815542,ali.al.muhairi.596@example.com,Liam Williams,971584000000,"Admin assistance, Kitchen assistant, Assembly & packing",Hearing,Deaf,41,Other,"Project-based training (3 months), Graphic design",Manufacturing,Working,Freelance / Self-employed,On-site assembly/packing,66,Average,83
597,Yusuf Al Muhairi,971524712476,yusuf.al.muhairi.597@example.com,Mohammed Al Ali,971502000000,"Social media management, Graphic design",Autism,Autism Spectrum Disorder - High support,30,Emirati,"Vocational tailoring, Mobile phone repair, Soft skills & communication",IT & Digital,Working,Company B (Hospitality),"IT & structured tasks (data, QA)",55,Average,103
598,Sophia Clark,971502901507,sophia.clark.598@example.com,Majid Al Mazroui,971557000000,"Kitchen assistant, Content writing",Physical,Limb loss / amputation,19,Bangladeshi,"Online freelancing (Upwork), Bookkeeping",Administration,Unemployed,Not currently enrolled or employed,"Remote/desk roles (customer support, data entry)",41,Below Average,105
599,Khalid Al Mazroui,971509625885,khalid.al.mazroui.599@example.com,Yusuf Al Qubaisi,971547000000,Tailoring,Visual,Blind / no vision,58,Bangladeshi,"Vocational tailoring, CNC basics, Data entry",Creative/Design,Working,Private School Abu Dhabi,"Tactile/vocational roles (tailoring, assembly)",64,Average,106
600,Emma Taylor,971561832700,emma.taylor.600@example.com,Hessa Al Falasi,971556000000,"Sales support, Admin assistance, IT support",Speech,Speech impairment,23,Emirati,"Advanced IT (Web dev), Basic IT (MS Office)",Accounting/Finance,Vocational training,Company C (IT services),"Back-office roles (data entry, admin)",68,Average,116
601,Kamal Singh,971529490531,kamal.singh.601@example.com,Hamad Al Mazroui,971550000000,"Tailoring, Content writing",Multiple,Multiple disabilities,47,Other,"Sign language (advanced), Graphic design, Sign language (basic)",Customer Service,Vocational training,Freelance / Self-employed,Customized supported employment plan,66,Average,94
602,Yusuf Al Falasi,971568416612,yusuf.al.falasi.602@example.com,Noor Al Mazroui,971558000000,"Content writing, Gardening, Retail cashier",Intellectual,Mild intellectual disability,27,Emirati,,Agriculture/Gardening,Working,Technical College Abu Dhabi,"Structured vocational roles (assembly, packaging)",66,Average,106
603,Farah Patel,971526203708,farah.patel.603@example.com,Farah Mohan,971522000000,Transcription,Learning,Dyslexia / learning difficulty,58,Filipino,,Administration,Working,Not currently enrolled or employed,Hands-on vocational work,65,Average,100
604,Deepa Mohan,971529721170,deepa.mohan.604@example.com,Kamal Mohan,971589000000,IT support,Hearing,Hard of hearing,35,Pakistani,"Retail operations, Soft skills & communication, Special education support",Accounting/Finance,Freelance,Not currently enrolled or employed,Back-office admin roles,54,Average,92
605,Mason Taylor,971550820048,mason.taylor.605@example.com,Omar Al Blooshi,971551000000,"Graphic design, Accounting basics, Content writing",Autism,Autism Spectrum Disorder - Low support,41,Emirati,"Special education support, Data entry, Vocational tailoring",Agriculture/Gardening,Vocational training,Company B (Hospitality),Supported workplace with routine,43,Below Average,120
606,Huda Al Qubaisi,971587040953,huda.al.qubaisi.606@example.com,Sanjay Singh,971530000000,"Retail cashier, Transcription",Autism,Autism Spectrum Disorder - High support,57,Emirati,Barista & cafe skills,Accounting/Finance,Working,Higher Learning Dubai,Creative/design with clear briefs,46,Below Average,91
607,Reema Menon,971586240964,reema.menon.607@example.com,Lucas Davis,971563000000,"Data entry, Web development",Autism,Autism Spectrum Disorder - High support,35,Emirati,"Hospitality training, Warehouse operations",Retail,Studying,Community College Sharjah,Supported workplace with routine,54,Average,110
608,Reema Menon,971554882089,reema.menon.608@example.com,Olivia Jones,971567000000,Content writing,Visual,Low vision,32,Indian,"Project-based training (3 months), Special education support, Graphic design",Education Support,Studying,Higher Learning Dubai,"Audio-based roles (call center, voice transcription)",60,Average,114
609,Khalid Al Hosani,971563592361,khalid.al.hosani.609@example.com,Omar Al Rumaithi,971551000000,"Data entry, Accounting basics",Autism,Autism Spectrum Disorder - High support,48,Emirati,"Data entry, Bookkeeping",Customer Service,Studying,Higher Learning Dubai,Supported workplace with routine,54,Average,103
610,Saeed Al Hammadi,971503440966,saeed.al.hammadi.610@example.com,Mia Clark,971582000000,"Transcription, Data entry, Security",Speech,Speech impairment,50,Filipino,"Life skills & mobility training, Customer service, Hospitality training",Handicrafts & Art,Studying,Special Needs Centre Ras Al Khaimah,IT & digital work,52,Average,125
611,Ravi Raj,971525926648,ravi.raj.611@example.com,Latifa Al Qubaisi,971524000000,"Graphic design, Warehouse assistant, Gardening",Autism,Autism Spectrum Disorder - High support,40,Pakistani,"Barista & cafe skills, Advanced IT (Web dev)",Hospitality,Studying,Gulf Vocational Center,Supported workplace with routine,47,Below Average,103
612,Neha Kumar,971527536051,neha.kumar.612@example.com,Fatima Al Falasi,971580000000,"Web development, IT support, Content writing",Intellectual,Mild intellectual disability,36,Emirati,"Barista & cafe skills, Retail operations",Agriculture/Gardening,Studying,Company A (Retail),"Structured vocational roles (assembly, packaging)",74,Good,104
613,Mariam Al Hammadi,971589424894,mariam.al.hammadi.613@example.com,Noor Al Falasi,971555000000,"Accounting basics, Data entry",Physical,Mobility impairment (wheelchair user),36,Syrian,"Barista & cafe skills, Mobile phone repair",Creative/Design,Working,Company A (Retail),Accessible admin/IT roles,62,Average,98
614,Anjali Balakrishnan,971554533890,anjali.balakrishnan.614@example.com,Salma Al Blooshi,971547000000,"Tailoring, Kitchen assistant",Physical,Mobility impairment (wheelchair user),22,Indian,Advanced IT (Web dev),IT & Digital,Vocational training,Freelance / Self-employed,Accessible admin/IT roles,65,Average,98
615,Hamad Al Hosani,971522427677,hamad.al.hosani.615@example.com,Ali Al Blooshi,971562000000,"Social media management, Transcription, Content writing",Mental Health,Chronic mental health condition,22,Emirati,"Advanced IT (Web dev), Basic IT (MS Office), Life skills & mobility training",IT & Digital,Studying,Company C (IT services),Creative/artisan roles,79,Good,126
616,Mia Clark,971562312995,mia.clark.616@example.com,Ahmed Al Mansoori,971553000000,Handicrafts,Mental Health,Chronic mental health condition,23,American,"Sign language (advanced), Online freelancing (Upwork)",Manufacturing,Studying,Community College Sharjah,Creative/artisan roles,56,Average,83
617,Anoop Mohan,971507852548,anoop.mohan.617@example.com,Ali Al Hosani,971588000000,"Social media management, Retail cashier",Physical,Mobility impairment (wheelchair user),18,Egyptian,"Bookkeeping, CNC basics",Manufacturing,Unemployed,Not currently enrolled or employed,"Remote/desk roles (customer support, data entry)",63,Average,130
618,Emma Brown,971523274897,emma.brown.618@example.com,Deepa Thomas,971522000000,Sales support,Learning,Dyslexia / learning difficulty,57,Egyptian,Basic IT (MS Office),Administration,Unemployed,Not currently enrolled or employed,Hands-on vocational work,52,Average,119
619,Rahul Nair,971521750801,rahul.nair.619@example.com,Anoop Raj,971520000000,"Content writing, Web development, Social media management",Speech,Speech impairment,30,Indian,Barista & cafe skills,Creative/Design,Studying,Special Needs Centre Ras Al Khaimah,"Back-office roles (data entry, admin)",90,Excellent,93
620,Aisha Al Ali,971506778481,aisha.al.ali.620@example.com,Sophia Johnson,971544000000,"Kitchen assistant, Graphic design, Sales support",Multiple,Multiple disabilities,50,Emirati,CNC basics,Accounting/Finance,Unemployed,Not currently enrolled or employed,Customized supported employment plan,73,Good,119
621,Saeed Al Neyadi,971589128788,saeed.al.neyadi.621@example.com,Reema Mohan,971587000000,"Tailoring, Customer support, Retail cashier",Autism,Autism Spectrum Disorder - High support,25,American,"Online freelancing (Upwork), Special education support",Accounting/Finance,Studying,Company A (Retail),"IT & structured tasks (data, QA)",59,Average,97
622,Sara Al Hammadi,971524630198,sara.al.hammadi.622@example.com,Anoop Thomas,971542000000,Gardening,Intellectual,Moderate intellectual disability,26,Pakistani,,Retail,Freelance,Not currently enrolled or employed,Hospitality support roles with routines,56,Average,87
623,Maya Kumar,971552932880,maya.kumar.623@example.com,Kamal Raj,971522000000,"Content writing, Security, Admin assistance",Visual,Low vision,16,Emirati,"Warehouse operations, Hospitality training, Advanced IT (Web dev)",Technical Repair,Studying,Freelance / Self-employed,IT roles with screen-reader support,55,Average,85
624,Kamal Menon,971556108143,kamal.menon.624@example.com,Fatima Al Mansoori,971504000000,"Assembly & packing, Transcription",Autism,Autism Spectrum Disorder - High support,19,Syrian,Sign language (basic),Manufacturing,Working,Company C (IT services),Creative/design with clear briefs,65,Average,90
625,Emma Smith,971503076205,emma.smith.625@example.com,Ethan Taylor,971590000000,"Security, Assembly & packing, Social media management",Intellectual,Mild intellectual disability,43,Other,,Hospitality,Studying,Freelance / Self-employed,Supported employment with job coach,68,Average,81
626,Ethan Brown,971581340785,ethan.brown.626@example.com,Mariam Al Qubaisi,971550000000,"Assembly & packing, Transcription",Speech,Speech impairment,51,Syrian,Bookkeeping,Logistics & Warehouse,Studying,Company B (Hospitality),Graphic design/creative roles,69,Average,110
627,Deepa Reddy,971526970838,deepa.reddy.627@example.com,Latifa Al Ali,971589000000,"Assembly & packing, Accounting basics, Kitchen assistant",Hearing,Deaf,17,Indian,"Graphic design, Special education support, CNC basics",Technical Repair,Working,Not currently enrolled or employed,Back-office admin roles,35,Needs Support,104
628,Ahmed Al Hosani,971526578982,ahmed.al.hosani.628@example.com,Noor Al Hosani,971561000000,Admin assistance,Hearing,Deaf,48,Indian,"CNC basics, Bookkeeping, Graphic design",Sales & Marketing,Unemployed,Not currently enrolled or employed,On-site assembly/packing,83,Good,85
629,Mariam Al Muhairi,971521188241,mariam.al.muhairi.629@example.com,Deepa Reddy,971526000000,"Customer support, Social media management",Hearing,Deaf,48,Filipino,"Data entry, Customer service",Hospitality,Unemployed,Not currently enrolled or employed,On-site assembly/packing,90,Excellent,105
630,Priya Cherian,971520568209,priya.cherian.630@example.com,Zainab Al Shamsi,971521000000,Admin assistance,Mental Health,Chronic mental health condition,37,Indian,Sign language (basic),Creative/Design,Studying,Company A (Retail),Flexible hours roles (remote work),54,Average,99
631,Farah Mohan,971565400178,farah.mohan.631@example.com,Farah Mohan,971522000000,"Kitchen assistant, Data entry, Sales support",Physical,Limb loss / amputation,40,Other,,IT & Digital,Unemployed,Not currently enrolled or employed,Supervised workshop tasks,73,Good,100
632,Ibrahim Kumar,971501950927,ibrahim.kumar.632@example.com,Emma Brown,971543000000,Customer support,Physical,Mobility impairment (wheelchair user),52,Emirati,"Graphic design, Mobile phone repair, Barista & cafe skills",Sales & Marketing,Studying,Company A (Retail),Accessible admin/IT roles,73,Good,88
633,Emma Hall,971564854329,emma.hall.633@example.com,Anoop Balakrishnan,971569000000,"Graphic design, Content writing",Hearing,Hard of hearing,46,Syrian,Online freelancing (Upwork),Administration,Unemployed,Not currently enrolled or employed,Back-office admin roles,67,Average,83
634,Fatima Al Mazroui,971545025896,fatima.al.mazroui.634@example.com,Hamad Al Hosani,971554000000,Security,Hearing,Deaf,25,Indian,"Life skills & mobility training, Mobile phone repair",IT & Digital,Unemployed,Not currently enrolled or employed,On-site assembly/packing,63,Average,89
635,Latifa Al Neyadi,971584488384,latifa.al.neyadi.635@example.com,Sophia Williams,971555000000,"Customer support, Security",Physical,Mobility impairment (wheelchair user),44,Bangladeshi,"CNC basics, Barista & cafe skills",Manufacturing,Studying,Private School Abu Dhabi,"Remote/desk roles (customer support, data entry)",53,Average,114
636,Hamad Al Rumaithi,971520908551,hamad.al.rumaithi.636@example.com,Noor Al Rumaithi,971509000000,Tailoring,Speech,Speech impairment,48,Other,,Retail,Working,Special Needs Centre Ras Al Khaimah,Graphic design/creative roles,81,Good,107
637,Lucas Smith,971582206953,lucas.smith.637@example.com,Hessa Al Rumaithi,971502000000,Data entry,Speech,Speech impairment,52,Indian,Mobile phone repair,Data & Analytics,Unemployed,Not currently enrolled or employed,"Back-office roles (data entry, admin)",48,Below Average,96
638,Aisha Al Blooshi,971522594795,aisha.al.blooshi.638@example.com,Noor Al Mazroui,971527000000,"Gardening, Kitchen assistant, Data entry",Autism,Autism Spectrum Disorder - High support,19,Other,Graphic design,IT & Digital,Studying,Private School Abu Dhabi,Creative/design with clear briefs,83,Good,101
639,Amelia Williams,971540391045,amelia.williams.639@example.com,Mohammed Al Neyadi,971551000000,Bookkeeping,Hearing,Hard of hearing,56,Filipino,"Project-based training (3 months), Vocational tailoring",Logistics & Warehouse,Working,Online training - Coursera,On-site assembly/packing,99,Excellent,104
640,Priya Nair,971505610067,priya.nair.640@example.com,Deepa Kumar,971581000000,"Social media management, Customer support",Autism,Autism Spectrum Disorder - High support,40,Egyptian,Online freelancing (Upwork),Logistics & Warehouse,Working,Freelance / Self-employed,"IT & structured tasks (data, QA)",67,Average,96
641,Arjun Menon,971529449530,arjun.menon.641@example.com,Omar Al Shamsi,971553000000,Security,Multiple,Multiple disabilities,16,Emirati,"Data entry, Customer service",Technical Repair,Working,Special Needs Centre Ras Al Khaimah,Customized supported employment plan,67,Average,98
642,Latifa Al Mansoori,971529029233,latifa.al.mansoori.642@example.com,Aisha Al Hosani,971501000000,"Transcription, Assembly & packing, Content writing",Physical,Mobility impairment (wheelchair user),56,Syrian,"Sign language (advanced), Basic IT (MS Office)",Retail,Unemployed,Not currently enrolled or employed,"Remote/desk roles (customer support, data entry)",75,Good,111
643,Huda Al Shamsi,971522904575,huda.al.shamsi.643@example.com,Deepa Mohan,971529000000,"Accounting basics, Security",Autism,Autism Spectrum Disorder - Low support,53,Syrian,,Administration,Freelance,Not currently enrolled or employed,"IT & structured tasks (data, QA)",53,Average,84
644,Hamad Al Mazroui,971582755821,hamad.al.mazroui.644@example.com,Sara Al Mazroui,971589000000,"Data entry, Accounting basics, Handicrafts",Multiple,Multiple disabilities,26,Emirati,"Vocational tailoring, Hospitality training, Project-based training (3 months)",Hospitality,Working,Company B (Hospitality),Customized supported employment plan,37,Needs Support,106
645,Kamal Balakrishnan,971550591611,kamal.balakrishnan.645@example.com,Arjun Mohan,971546000000,"Accounting basics, IT support",Mental Health,Chronic mental health condition,45,Egyptian,"Life skills & mobility training, Soft skills & communication, Advanced IT (Web dev)",Accounting/Finance,Studying,Community College Sharjah,Flexible hours roles (remote work),48,Below Average,74
646,Ibrahim Thomas,971563186928,ibrahim.thomas.646@example.com,Mia Johnson,971528000000,"Accounting basics, Data entry",Visual,Low vision,26,Jordanian,,Retail,Vocational training,Company C (IT services),"Tactile/vocational roles (tailoring, assembly)",70,Good,129
647,Rahul Raj,971522041447,rahul.raj.647@example.com,Olivia Johnson,971588000000,"Web development, Data entry, Tailoring",Mental Health,Chronic mental health condition,28,Egyptian,,Sales & Marketing,Studying,Technical College Abu Dhabi,Supportive workplace (part-time),64,Average,110
648,Noah Williams,971522277521,noah.williams.648@example.com,Khalid Al Mazroui,971523000000,"Customer support, Kitchen assistant, Bookkeeping",Hearing,Hard of hearing,41,Emirati,"CNC basics, Project-based training (3 months), Retail operations",Education Support,Freelance,Not currently enrolled or employed,"Visual roles (data entry, graphic design)",66,Average,98
649,Arjun Nair,971521029161,arjun.nair.649@example.com,Anoop Balakrishnan,971503000000,Tailoring,Visual,Blind / no vision,50,Bangladeshi,"Warehouse operations, Vocational tailoring, Customer service",Agriculture/Gardening,Studying,Online training - Coursera,"Audio-based roles (call center, voice transcription)",78,Good,96
650,Ahmed Al Ali,971505685667,ahmed.al.ali.650@example.com,Liam Davis,971526000000,"Social media management, Retail cashier",Hearing,Deaf,19,Indian,,Customer Service,Freelance,Not currently enrolled or employed,On-site assembly/packing,69,Average,103
651,Ethan Allen,971523396504,ethan.allen.651@example.com,Anoop Nair,971553000000,"Handicrafts, Assembly & packing",Physical,Limb loss / amputation,34,Other,Barista & cafe skills,Sales & Marketing,Vocational training,Community College Sharjah,Accessible admin/IT roles,54,Average,111
652,Ravi Menon,971568087991,ravi.menon.652@example.com,Farah Reddy,971523000000,Web development,Visual,Blind / no vision,28,Pakistani,"CNC basics, Vocational tailoring",Technical Repair,Working,Technical College Abu Dhabi,"Tactile/vocational roles (tailoring, assembly)",62,Average,90
653,Arjun Raj,971543031158,arjun.raj.653@example.com,Anjali Varma,971585000000,"Social media management, Warehouse assistant, Handicrafts",Hearing,Deaf,45,Indian,"Sign language (advanced), Mobile phone repair",Manufacturing,Vocational training,Special Needs Centre Ras Al Khaimah,On-site assembly/packing,73,Good,89
654,Mariam Al Ali,971551634212,mariam.al.ali.654@example.com,Zainab Al Mazroui,971561000000,"Tailoring, Web development",Multiple,Multiple disabilities,37,Emirati,"Retail operations, Special education support",Education Support,Working,Company A (Retail),Customized supported employment plan,65,Average,99
655,Salma Al Mazroui,971554235914,salma.al.mazroui.655@example.com,Aisha Al Mansoori,971505000000,"Retail cashier, Handicrafts",Multiple,Multiple disabilities,23,Indian,,Customer Service,Vocational training,Online training - Coursera,Customized supported employment plan,81,Good,105
656,Maya Raj,971500081785,maya.raj.656@example.com,Noah Brown,971506000000,"Social media management, Accounting basics, Assembly & packing",Visual,Low vision,29,Indian,"Data entry, Project-based training (3 months), Online freelancing (Upwork)",IT & Digital,Studying,Online training - Coursera,IT roles with screen-reader support,64,Average,109
657,Liam Hall,971555237772,liam.hall.657@example.com,Anoop Menon,971546000000,"Kitchen assistant, Web development, Admin assistance",Physical,Mobility impairment (wheelchair user),57,Bangladeshi,,IT & Digital,Freelance,Not currently enrolled or employed,Accessible admin/IT roles,85,Excellent,106
658,Majid Al Hammadi,971500027221,majid.al.hammadi.658@example.com,Saeed Al Shamsi,971583000000,Security,Autism,Autism Spectrum Disorder - Low support,60,Bangladeshi,,Customer Service,Freelance,Not currently enrolled or employed,"IT & structured tasks (data, QA)",65,Average,84
659,Khalid Al Falasi,971565528620,khalid.al.falasi.659@example.com,Neha Balakrishnan,971587000000,Web development,Multiple,Multiple disabilities,58,Egyptian,Customer service,Sales & Marketing,Vocational training,Company A (Retail),Customized supported employment plan,49,Below Average,96
660,Mariam Al Neyadi,971569920457,mariam.al.neyadi.660@example.com,Reema Raj,971525000000,"Security, Graphic design",Autism,Autism Spectrum Disorder - High support,38,Other,,Logistics & Warehouse,Freelance,Not currently enrolled or employed,"IT & structured tasks (data, QA)",55,Average,97
661,Anoop Balakrishnan,971551823601,anoop.balakrishnan.661@example.com,Aisha Al Muhairi,971552000000,"Assembly & packing, Social media management",Mental Health,Chronic mental health condition,21,Other,"Warehouse operations, Online freelancing (Upwork)",Administration,Working,Special Needs Centre Ras Al Khaimah,Flexible hours roles (remote work),65,Average,106
662,Khalid Al Rumaithi,971522280194,khalid.al.rumaithi.662@example.com,Ali Al Blooshi,971569000000,"Warehouse assistant, Handicrafts, Kitchen assistant",Intellectual,Mild intellectual disability,27,Bangladeshi,,Technical Repair,Working,Freelance / Self-employed,Hospitality support roles with routines,63,Average,105
663,Ibrahim Raj,971501804674,ibrahim.raj.663@example.com,Salma Al Mazroui,971555000000,Bookkeeping,Visual,Low vision,16,American,"Vocational tailoring, Warehouse operations, Advanced IT (Web dev)",Logistics & Warehouse,Unemployed,Not currently enrolled or employed,IT roles with screen-reader support,65,Average,76
664,Rashid Al Rumaithi,971555615470,rashid.al.rumaithi.664@example.com,Hessa Al Qubaisi,971502000000,"Warehouse assistant, Tailoring, Assembly & packing",Physical,Limb loss / amputation,52,Syrian,"Basic IT (MS Office), Special education support",Technical Repair,Vocational training,Company C (IT services),Supervised workshop tasks,50,Average,98
665,Khalid Al Qubaisi,971547875207,khalid.al.qubaisi.665@example.com,Noah Smith,971543000000,Web development,Physical,Limb loss / amputation,24,Jordanian,"Graphic design, Sign language (basic)",Agriculture/Gardening,Studying,Not currently enrolled or employed,Accessible admin/IT roles,46,Below Average,107
666,Amelia Davis,971558976098,amelia.davis.666@example.com,Ravi Nair,971558000000,Admin assistance,Intellectual,Moderate intellectual disability,57,Indian,"Special education support, Soft skills & communication",Logistics & Warehouse,Vocational training,Freelance / Self-employed,Hospitality support roles with routines,87,Excellent,114
667,Salma Al Hammadi,971529431916,salma.al.hammadi.667@example.com,Khalid Al Mazroui,971570000000,"Data entry, Kitchen assistant",Visual,Low vision,23,Filipino,"Warehouse operations, Data entry, Bookkeeping",Agriculture/Gardening,Vocational training,Special Needs Centre Ras Al Khaimah,"Tactile/vocational roles (tailoring, assembly)",61,Average,117
668,Mohammed Al Mazroui,971526876448,mohammed.al.mazroui.668@example.com,Anoop Cherian,971555000000,"Assembly & packing, Customer support",Intellectual,Mild intellectual disability,28,Indian,"Barista & cafe skills, Advanced IT (Web dev)",IT & Digital,Working,Community College Sharjah,Supported employment with job coach,67,Average,95
669,Maya Raj,971509649692,maya.raj.669@example.com,Mia Brown,971510000000,"Admin assistance, Data entry, Accounting basics",Visual,Blind / no vision,19,Egyptian,"Retail operations, Hospitality training",Retail,Working,Company A (Retail),"Tactile/vocational roles (tailoring, assembly)",55,Average,96
670,Anoop Patel,971521594898,anoop.patel.670@example.com,Sophia Allen,971555000000,"Bookkeeping, Retail cashier",Speech,Speech impairment,32,British,"Graphic design, Bookkeeping",Agriculture/Gardening,Studying,Company C (IT services),Graphic design/creative roles,59,Average,102
671,Ibrahim Balakrishnan,971524497439,ibrahim.balakrishnan.671@example.com,Lucas Jones,971509000000,"Sales support, Handicrafts, Transcription",Hearing,Deaf,48,Indian,"Hospitality training, Sign language (advanced)",Retail,Studying,Technical College Abu Dhabi,Back-office admin roles,67,Average,100
672,Mohammed Al Rumaithi,971521707548,mohammed.al.rumaithi.672@example.com,Noor Al Hammadi,971587000000,"Social media management, Gardening",Physical,Mobility impairment (wheelchair user),31,Emirati,"Bookkeeping, Warehouse operations, Graphic design",Retail,Unemployed,Not currently enrolled or employed,"Remote/desk roles (customer support, data entry)",71,Good,114
673,Reema Kumar,971525121375,reema.kumar.673@example.com,Sophia Hall,971590000000,Gardening,Physical,Mobility impairment (wheelchair user),51,Other,Graphic design,Handicrafts & Art,Unemployed,Not currently enrolled or employed,Supervised workshop tasks,79,Good,82
674,Hessa Al Rumaithi,971546631138,hessa.al.rumaithi.674@example.com,Anjali Raj,971542000000,Social media management,Visual,Blind / no vision,35,Indian,"Sign language (basic), Hospitality training, Basic IT (MS Office)",Handicrafts & Art,Studying,Company A (Retail),IT roles with screen-reader support,30,Needs Support,111
675,Kamal Thomas,971586800852,kamal.thomas.675@example.com,Sanjay Reddy,971529000000,Retail cashier,Physical,Limb loss / amputation,45,Indian,Barista & cafe skills,IT & Digital,Studying,Company B (Hospitality),Accessible admin/IT roles,44,Below Average,97
676,Noah Johnson,971528946652,noah.johnson.676@example.com,Saeed Al Rumaithi,971522000000,Web development,Speech,Speech impairment,30,Emirati,"Warehouse operations, Special education support",Hospitality,Studying,Technical College Abu Dhabi,"Back-office roles (data entry, admin)",47,Below Average,78
677,Khalid Al Mansoori,971557711675,khalid.al.mansoori.677@example.com,Liam Clark,971526000000,"Kitchen assistant, Handicrafts, Customer support",Visual,Blind / no vision,19,Emirati,,Technical Repair,Studying,Online training - Coursera,IT roles with screen-reader support,73,Good,109
678,Ibrahim Patel,971527230342,ibrahim.patel.678@example.com,Latifa Al Mansoori,971552000000,"Customer support, Admin assistance",Learning,Dyslexia / learning difficulty,24,Indian,"Data entry, Life skills & mobility training, CNC basics",Accounting/Finance,Unemployed,Not currently enrolled or employed,Roles with assistive tech (auditory support),56,Average,68
679,Mia Clark,971544619924,mia.clark.679@example.com,Zainab Al Hammadi,971564000000,"Tailoring, Customer support",Autism,Autism Spectrum Disorder - High support,20,Emirati,"Warehouse operations, Project-based training (3 months)",Data & Analytics,Working,Not currently enrolled or employed,Creative/design with clear briefs,56,Average,104
680,Noah Williams,971553379121,noah.williams.680@example.com,Fatima Al Mazroui,971509000000,Admin assistance,Intellectual,Mild intellectual disability,55,Emirati,,Creative/Design,Unemployed,Not currently enrolled or employed,Supported employment with job coach,42,Below Average,102
681,Ibrahim Menon,971529251999,ibrahim.menon.681@example.com,Zainab Al Muhairi,971565000000,Bookkeeping,Intellectual,Moderate intellectual disability,40,Jordanian,"Vocational tailoring, Project-based training (3 months), Basic IT (MS Office)",Manufacturing,Unemployed,Not currently enrolled or employed,"Structured vocational roles (assembly, packaging)",64,Average,106
682,Huda Al Muhairi,971555496330,huda.al.muhairi.682@example.com,Reema Raj,971524000000,"Gardening, Warehouse assistant, Data entry",Multiple,Multiple disabilities,49,Indian,"CNC basics, Basic IT (MS Office)",Data & Analytics,Studying,Community College Sharjah,Customized supported employment plan,66,Average,88
683,Anoop Mohan,971585195377,anoop.mohan.683@example.com,Hamad Al Falasi,971553000000,"Warehouse assistant, Accounting basics",Visual,Low vision,44,Other,Retail operations,Agriculture/Gardening,Studying,Private School Abu Dhabi,"Audio-based roles (call center, voice transcription)",82,Good,98
684,Sophia Hall,971502920592,sophia.hall.684@example.com,Noor Al Hosani,971506000000,"Bookkeeping, Assembly & packing",Hearing,Deaf,58,Egyptian,CNC basics,Sales & Marketing,Unemployed,Not currently enrolled or employed,"Visual roles (data entry, graphic design)",64,Average,88
685,Neha Balakrishnan,971584206615,neha.balakrishnan.685@example.com,Deepa Mohan,971509000000,Customer support,Learning,Dyslexia / learning difficulty,50,Syrian,"Special education support, Life skills & mobility training",Creative/Design,Unemployed,Not currently enrolled or employed,Hands-on vocational work,58,Average,89
686,Emma Brown,971522121548,emma.brown.686@example.com,Farah Singh,971586000000,IT support,Intellectual,Moderate intellectual disability,41,Indian,,Logistics & Warehouse,Working,Company B (Hospitality),Hospitality support roles with routines,62,Average,120
687,Noor Al Mansoori,971522006298,noor.al.mansoori.687@example.com,Mia Clark,971589000000,"Retail cashier, IT support",Learning,Dyslexia / learning difficulty,41,Indian,"Customer service, Sign language (basic), Bookkeeping",Sales & Marketing,Studying,Company C (IT services),Roles with assistive tech (auditory support),44,Below Average,80
688,Anoop Nair,971521320410,anoop.nair.688@example.com,Mariam Al Mansoori,971563000000,"Web development, Assembly & packing",Physical,Limb loss / amputation,46,British,"Special education support, Soft skills & communication",Hospitality,Vocational training,Company B (Hospitality),Supervised workshop tasks,87,Excellent,97
689,Latifa Al Mazroui,971503666020,latifa.al.mazroui.689@example.com,Zainab Al Neyadi,971583000000,"Customer support, Warehouse assistant, Accounting basics",Multiple,Multiple disabilities,22,Emirati,"Sign language (advanced), Soft skills & communication",Technical Repair,Studying,Not currently enrolled or employed,Customized supported employment plan,54,Average,112
690,Zainab Al Ali,971582692990,zainab.al.ali.690@example.com,Huda Al Ali,971586000000,Content writing,Multiple,Multiple disabilities,51,Other,"Sign language (basic), Project-based training (3 months), Online freelancing (Upwork)",Education Support,Freelance,Not currently enrolled or employed,Customized supported employment plan,55,Average,121
691,Saeed Al Hammadi,971508626713,saeed.al.hammadi.691@example.com,Noor Al Hosani,971501000000,"Transcription, Content writing, Bookkeeping",Mental Health,Chronic mental health condition,54,Emirati,"Vocational tailoring, CNC basics",Accounting/Finance,Vocational training,Higher Learning Dubai,Creative/artisan roles,75,Good,94
692,Asha Thomas,971580677610,asha.thomas.692@example.com,Zainab Al Qubaisi,971521000000,"Assembly & packing, IT support",Autism,Autism Spectrum Disorder - Low support,24,Indian,"Soft skills & communication, Hospitality training, Retail operations",Agriculture/Gardening,Working,Company B (Hospitality),Supported workplace with routine,97,Excellent,92
693,Noor Al Blooshi,971587202665,noor.al.blooshi.693@example.com,Reema Reddy,971566000000,"Content writing, Gardening, Accounting basics",Hearing,Deaf,44,Emirati,"Barista & cafe skills, Sign language (advanced)",Agriculture/Gardening,Working,Private School Abu Dhabi,Back-office admin roles,76,Good,103
694,Ibrahim Cherian,971584299074,ibrahim.cherian.694@example.com,Neha Balakrishnan,971557000000,Transcription,Intellectual,Mild intellectual disability,47,Emirati,"Bookkeeping, Online freelancing (Upwork), Data entry",Logistics & Warehouse,Working,Company C (IT services),Hospitality support roles with routines,84,Good,118
695,Hessa Al Hosani,971563984167,hessa.al.hosani.695@example.com,Sara Al Ali,971585000000,"Data entry, Social media management, Retail cashier",Intellectual,Mild intellectual disability,34,Syrian,"Basic IT (MS Office), Vocational tailoring",Sales & Marketing,Vocational training,Private School Abu Dhabi,"Structured vocational roles (assembly, packaging)",65,Average,90
696,Hamad Al Hosani,971520262706,hamad.al.hosani.696@example.com,Latifa Al Qubaisi,971501000000,Transcription,Autism,Autism Spectrum Disorder - High support,22,Syrian,Advanced IT (Web dev),Manufacturing,Working,Freelance / Self-employed,Supported workplace with routine,71,Good,91
697,Deepa Balakrishnan,971587418563,deepa.balakrishnan.697@example.com,Sara Al Blooshi,971500000000,"Kitchen assistant, Handicrafts, Data entry",Physical,Limb loss / amputation,53,American,"Warehouse operations, Bookkeeping",Hospitality,Vocational training,Company C (IT services),"Remote/desk roles (customer support, data entry)",95,Excellent,101
698,Mason Jones,971557908701,mason.jones.698@example.com,Neha Reddy,971580000000,"Retail cashier, Social media management",Physical,Mobility impairment (wheelchair user),30,Indian,Project-based training (3 months),Agriculture/Gardening,Freelance,Not currently enrolled or employed,Accessible admin/IT roles,59,Average,102
699,Rahul Varma,971558652406,rahul.varma.699@example.com,Ali Al Hosani,971546000000,IT support,Intellectual,Mild intellectual disability,27,Emirati,,Manufacturing,Studying,Freelance / Self-employed,Hospitality support roles with routines,44,Below Average,88
700,Maya Kumar,971547476484,maya.kumar.700@example.com,Priya Varma,971564000000,"Graphic design, Web development",Autism,Autism Spectrum Disorder - High support,30,Indian,"Barista & cafe skills, Retail operations",Administration,Studying,Not currently enrolled or employed,Supported workplace with routine,83,Good,92
701,Salma Al Falasi,971522117327,salma.al.falasi.701@example.com,Anoop Patel,971568000000,"Retail cashier, Accounting basics, Kitchen assistant",Autism,Autism Spectrum Disorder - High support,36,Emirati,Barista & cafe skills,Hospitality,Working,Company B (Hospitality),Creative/design with clear briefs,49,Below Average,106
702,Deepa Singh,971551050805,deepa.singh.702@example.com,Fatima Al Mansoori,971557000000,"Retail cashier, IT support, Admin assistance",Hearing,Deaf,25,Indian,,Manufacturing,Vocational training,Not currently enrolled or employed,Back-office admin roles,82,Good,108
703,Sanjay Patel,971529305378,sanjay.patel.703@example.com,Arjun Raj,971508000000,"Accounting basics, Assembly & packing, Customer support",Multiple,Multiple disabilities,57,Pakistani,"Soft skills & communication, Life skills & mobility training, Vocational tailoring",Data & Analytics,Freelance,Not currently enrolled or employed,Customized supported employment plan,79,Good,90
704,Hamad Al Shamsi,971567304862,hamad.al.shamsi.704@example.com,Fatima Al Blooshi,971522000000,"Customer support, IT support, Content writing",Mental Health,Chronic mental health condition,30,Indian,,Manufacturing,Working,Company A (Retail),Flexible hours roles (remote work),43,Below Average,118
705,Huda Al Shamsi,971507762969,huda.al.shamsi.705@example.com,Ethan Williams,971526000000,"Customer support, Gardening",Learning,Dyslexia / learning difficulty,43,Indian,,Accounting/Finance,Studying,Technical College Abu Dhabi,Hands-on vocational work,60,Average,96
706,Priya Cherian,971529083521,priya.cherian.706@example.com,Kamal Balakrishnan,971558000000,"Tailoring, Admin assistance",Mental Health,Chronic mental health condition,48,Syrian,"CNC basics, Vocational tailoring",Logistics & Warehouse,Freelance,Not currently enrolled or employed,Supportive workplace (part-time),84,Good,106
707,Mia Taylor,971589582819,mia.taylor.707@example.com,Ali Al Hosani,971560000000,"Admin assistance, Graphic design, Tailoring",Autism,Autism Spectrum Disorder - High support,50,Emirati,,Technical Repair,Working,Company C (IT services),Supported workplace with routine,71,Good,125
708,Hessa Al Blooshi,971521436728,hessa.al.blooshi.708@example.com,Mason Brown,971502000000,Graphic design,Speech,Speech impairment,43,British,Project-based training (3 months),Customer Service,Unemployed,Not currently enrolled or employed,"Back-office roles (data entry, admin)",55,Average,111
709,Saeed Al Qubaisi,971500992177,saeed.al.qubaisi.709@example.com,Priya Varma,971529000000,"Content writing, Transcription",Physical,Limb loss / amputation,56,Bangladeshi,,Data & Analytics,Unemployed,Not currently enrolled or employed,Supervised workshop tasks,65,Average,103
710,Saeed Al Neyadi,971526011939,saeed.al.neyadi.710@example.com,Salma Al Ali,971530000000,Content writing,Visual,Blind / no vision,43,Emirati,"Life skills & mobility training, Hospitality training",Creative/Design,Working,Higher Learning Dubai,"Audio-based roles (call center, voice transcription)",87,Excellent,106
711,Mohammed Al Muhairi,971543736158,mohammed.al.muhairi.711@example.com,Anoop Reddy,971527000000,Tailoring,Autism,Autism Spectrum Disorder - Low support,31,Emirati,,Accounting/Finance,Studying,Community College Sharjah,Supported workplace with routine,73,Good,112
712,Yusuf Al Hosani,971544731566,yusuf.al.hosani.712@example.com,Omar Al Qubaisi,971526000000,"Web development, Content writing, Bookkeeping",Intellectual,Mild intellectual disability,59,Filipino,"Online freelancing (Upwork), Vocational tailoring, CNC basics",IT & Digital,Unemployed,Not currently enrolled or employed,Hospitality support roles with routines,59,Average,89
713,Ibrahim Menon,971556053428,ibrahim.menon.713@example.com,Hessa Al Mansoori,971506000000,"Retail cashier, Assembly & packing, Social media management",Learning,Dyslexia / learning difficulty,29,Indian,,Manufacturing,Freelance,Not currently enrolled or employed,Roles with assistive tech (auditory support),49,Below Average,76
714,Latifa Al Ali,971502730427,latifa.al.ali.714@example.com,Yusuf Al Muhairi,971528000000,"Handicrafts, Data entry",Autism,Autism Spectrum Disorder - High support,53,Emirati,"Special education support, Advanced IT (Web dev), Mobile phone repair",Customer Service,Working,Not currently enrolled or employed,Supported workplace with routine,95,Excellent,86
715,Liam Allen,971522884987,liam.allen.715@example.com,Reema Varma,971525000000,"Handicrafts, Data entry",Multiple,Multiple disabilities,47,Emirati,"Life skills & mobility training, Project-based training (3 months), Hospitality training",Data & Analytics,Studying,Private School Abu Dhabi,Customized supported employment plan,61,Average,96
716,Ethan Smith,971524398818,ethan.smith.716@example.com,Kamal Cherian,971556000000,"IT support, Bookkeeping",Speech,Speech impairment,46,Indian,,Agriculture/Gardening,Studying,Higher Learning Dubai,IT & digital work,69,Average,109
717,Yusuf Al Mazroui,971528262542,yusuf.al.mazroui.717@example.com,Ethan Brown,971582000000,"Graphic design, Data entry",Intellectual,Moderate intellectual disability,24,Emirati,,Accounting/Finance,Vocational training,Not currently enrolled or employed,Hospitality support roles with routines,77,Good,93
718,Ethan Brown,971563245381,ethan.brown.718@example.com,Omar Al Rumaithi,971564000000,"Sales support, Web development, Security",Physical,Mobility impairment (wheelchair user),53,Jordanian,"Special education support, Mobile phone repair",Administration,Studying,Community College Sharjah,"Remote/desk roles (customer support, data entry)",62,Average,103
719,Ethan Johnson,971524043261,ethan.johnson.719@example.com,Mariam Al Mazroui,971503000000,Transcription,Visual,Blind / no vision,19,Indian,"CNC basics, Vocational tailoring, Advanced IT (Web dev)",Technical Repair,Freelance,Not currently enrolled or employed,"Audio-based roles (call center, voice transcription)",61,Average,119
720,Saeed Al Neyadi,971556219536,saeed.al.neyadi.720@example.com,Amelia Smith,971506000000,"Gardening, Data entry",Physical,Limb loss / amputation,47,Emirati,,Data & Analytics,Working,Company C (IT services),Accessible admin/IT roles,72,Good,108
721,Mohammed Al Hammadi,971552211386,mohammed.al.hammadi.721@example.com,Asha Mohan,971552000000,"Social media management, Assembly & packing, IT support",Speech,Speech impairment,32,Indian,"Hospitality training, Special education support, Vocational tailoring",Logistics & Warehouse,Unemployed,Not currently enrolled or employed,"Back-office roles (data entry, admin)",74,Good,114
722,Anjali Cherian,971544360234,anjali.cherian.722@example.com,Ali Al Muhairi,971542000000,Web development,Visual,Blind / no vision,53,Indian,,Agriculture/Gardening,Working,Not currently enrolled or employed,"Tactile/vocational roles (tailoring, assembly)",67,Average,84
723,Maya Nair,971559032655,maya.nair.723@example.com,Ali Al Shamsi,971552000000,"Gardening, Transcription",Hearing,Hard of hearing,38,Bangladeshi,"Hospitality training, Warehouse operations",IT & Digital,Studying,Higher Learning Dubai,Back-office admin roles,70,Good,92
724,Priya Mohan,971561268649,priya.mohan.724@example.com,Lucas Jones,971559000000,"Content writing, Social media management, Retail cashier",Intellectual,Mild intellectual disability,19,American,"Data entry, Basic IT (MS Office), Soft skills & communication",Accounting/Finance,Studying,Freelance / Self-employed,Hospitality support roles with routines,57,Average,107
725,Amelia Brown,971560749921,amelia.brown.725@example.com,Mohammed Al Mazroui,971560000000,"Transcription, Social media management",Speech,Speech impairment,36,Other,"Data entry, CNC basics, Advanced IT (Web dev)",Logistics & Warehouse,Studying,Online training - Coursera,Graphic design/creative roles,83,Good,100
726,Lucas Taylor,971546220212,lucas.taylor.726@example.com,Omar Al Hammadi,971582000000,"Content writing, Security, Bookkeeping",Physical,Mobility impairment (wheelchair user),19,Emirati,"Warehouse operations, CNC basics",Administration,Vocational training,Company C (IT services),"Remote/desk roles (customer support, data entry)",69,Average,120
727,Majid Al Qubaisi,971529114160,majid.al.qubaisi.727@example.com,Fatima Al Falasi,971562000000,"Admin assistance, Customer support, Security",Learning,Dyslexia / learning difficulty,50,Other,,Logistics & Warehouse,Unemployed,Not currently enrolled or employed,Supervised admin tasks,68,Average,131
728,Fatima Al Ali,971557463000,fatima.al.ali.728@example.com,Amelia Hall,971543000000,Warehouse assistant,Physical,Limb loss / amputation,22,Pakistani,,Sales & Marketing,Vocational training,Freelance / Self-employed,Accessible admin/IT roles,73,Good,78
729,Priya Mohan,971529420340,priya.mohan.729@example.com,Khalid Al Blooshi,971523000000,"Retail cashier, Gardening",Intellectual,Mild intellectual disability,52,Filipino,"Warehouse operations, Mobile phone repair",Customer Service,Studying,Technical College Abu Dhabi,"Structured vocational roles (assembly, packaging)",76,Good,104
730,Ali Al Mansoori,971580281822,ali.al.mansoori.730@example.com,Kamal Cherian,971564000000,"Social media management, Warehouse assistant",Hearing,Deaf,48,American,CNC basics,Administration,Unemployed,Not currently enrolled or employed,On-site assembly/packing,84,Good,108
731,Arjun Reddy,971542357004,arjun.reddy.731@example.com,Mariam Al Hosani,971528000000,"Accounting basics, Warehouse assistant, Kitchen assistant",Learning,Dyslexia / learning difficulty,42,Other,,Handicrafts & Art,Vocational training,Private School Abu Dhabi,Roles with assistive tech (auditory support),62,Average,85
732,Liam Clark,971562304660,liam.clark.732@example.com,Ali Al Ali,971528000000,"Assembly & packing, Graphic design, Kitchen assistant",Visual,Blind / no vision,24,Pakistani,,Retail,Studying,Special Needs Centre Ras Al Khaimah,IT roles with screen-reader support,61,Average,89
733,Anjali Cherian,971586653446,anjali.cherian.733@example.com,Farah Patel,971582000000,Warehouse assistant,Multiple,Multiple disabilities,17,Emirati,Basic IT (MS Office),Manufacturing,Working,Not currently enrolled or employed,Customized supported employment plan,56,Average,107
734,Arjun Thomas,971547243586,arjun.thomas.734@example.com,Yusuf Al Ali,971523000000,"Security, Kitchen assistant",Intellectual,Moderate intellectual disability,16,Pakistani,"Customer service, Project-based training (3 months), Data entry",Hospitality,Freelance,Not currently enrolled or employed,Hospitality support roles with routines,90,Excellent,104
735,Lucas Hall,971558494771,lucas.hall.735@example.com,Deepa Kumar,971584000000,"Web development, Tailoring",Hearing,Hard of hearing,48,Pakistani,Barista & cafe skills,Creative/Design,Working,Online training - Coursera,On-site assembly/packing,47,Below Average,105
736,Yusuf Al Rumaithi,971526821215,yusuf.al.rumaithi.736@example.com,Anoop Patel,971565000000,"Graphic design, IT support",Intellectual,Mild intellectual disability,58,Egyptian,,Sales & Marketing,Unemployed,Not currently enrolled or employed,Supported employment with job coach,82,Good,92
737,Kamal Mohan,971508273063,kamal.mohan.737@example.com,Saeed Al Hammadi,971565000000,"Data entry, Security, Gardening",Hearing,Hard of hearing,53,Bangladeshi,"Basic IT (MS Office), Retail operations",Creative/Design,Studying,Higher Learning Dubai,"Visual roles (data entry, graphic design)",62,Average,100
738,Hamad Al Blooshi,971543412301,hamad.al.blooshi.738@example.com,Anjali Patel,971569000000,"Customer support, Tailoring",Mental Health,Chronic mental health condition,57,British,Vocational tailoring,IT & Digital,Freelance,Not currently enrolled or employed,Flexible hours roles (remote work),53,Average,107
739,Sara Al Ali,971529990114,sara.al.ali.739@example.com,Ahmed Al Neyadi,971547000000,"Assembly & packing, Customer support, IT support",Multiple,Multiple disabilities,45,Syrian,"Customer service, Retail operations, Advanced IT (Web dev)",Accounting/Finance,Working,Higher Learning Dubai,Customized supported employment plan,63,Average,105
740,Sanjay Menon,971558550113,sanjay.menon.740@example.com,Sophia Williams,971548000000,"Content writing, Data entry",Autism,Autism Spectrum Disorder - High support,59,British,"Customer service, CNC basics, Advanced IT (Web dev)",Accounting/Finance,Studying,Higher Learning Dubai,Creative/design with clear briefs,51,Average,94
741,Ahmed Al Ali,971588197223,ahmed.al.ali.741@example.com,Farah Balakrishnan,971586000000,Admin assistance,Intellectual,Moderate intellectual disability,37,Bangladeshi,"Life skills & mobility training, Hospitality training, Basic IT (MS Office)",Retail,Unemployed,Not currently enrolled or employed,Hospitality support roles with routines,75,Good,95
742,Latifa Al Blooshi,971525780024,latifa.al.blooshi.742@example.com,Sanjay Raj,971522000000,"Tailoring, Security",Autism,Autism Spectrum Disorder - Low support,18,Syrian,"CNC basics, Data entry",Education Support,Vocational training,Technical College Abu Dhabi,Creative/design with clear briefs,90,Excellent,95
743,Sophia Brown,971559139521,sophia.brown.743@example.com,Aisha Al Falasi,971543000000,"Content writing, Social media management, Accounting basics",Visual,Blind / no vision,39,Emirati,"Sign language (basic), Hospitality training",Agriculture/Gardening,Working,Online training - Coursera,IT roles with screen-reader support,68,Average,111
744,Latifa Al Mansoori,971561300416,latifa.al.mansoori.744@example.com,Ibrahim Singh,971521000000,"Transcription, Security",Physical,Limb loss / amputation,40,Indian,"Warehouse operations, Sign language (advanced)",Administration,Vocational training,Company C (IT services),Accessible admin/IT roles,43,Below Average,78
745,Latifa Al Hosani,971500501476,latifa.al.hosani.745@example.com,Ali Al Shamsi,971570000000,Web development,Hearing,Deaf,36,Jordanian,,Technical Repair,Working,Company A (Retail),On-site assembly/packing,42,Below Average,115
746,Noah Williams,971565978155,noah.williams.746@example.com,Huda Al Hammadi,971510000000,"Kitchen assistant, Social media management, Assembly & packing",Hearing,Hard of hearing,34,Indian,"CNC basics, Customer service, Advanced IT (Web dev)",Manufacturing,Studying,Higher Learning Dubai,"Visual roles (data entry, graphic design)",56,Average,130
747,Anjali Mohan,971551564783,anjali.mohan.747@example.com,Asha Kumar,971522000000,"Graphic design, Retail cashier",Speech,Speech impairment,27,American,"CNC basics, Vocational tailoring",Education Support,Studying,Company C (IT services),"Back-office roles (data entry, admin)",56,Average,102
748,Huda Al Hammadi,971566272884,huda.al.hammadi.748@example.com,Mia Davis,971554000000,"Handicrafts, Warehouse assistant, Tailoring",Intellectual,Moderate intellectual disability,20,British,"Online freelancing (Upwork), Mobile phone repair, Customer service",Manufacturing,Vocational training,Online training - Coursera,Hospitality support roles with routines,88,Excellent,124
749,Majid Al Shamsi,971560604886,majid.al.shamsi.749@example.com,Arjun Nair,971506000000,"Web development, Sales support, Handicrafts",Learning,Dyslexia / learning difficulty,49,Other,"Graphic design, Barista & cafe skills, CNC basics",Education Support,Freelance,Not currently enrolled or employed,Roles with assistive tech (auditory support),95,Excellent,114
750,Saeed Al Falasi,971550789775,saeed.al.falasi.750@example.com,Hamad Al Falasi,971522000000,"Web development, Admin assistance",Multiple,Multiple disabilities,27,Indian,Vocational tailoring,IT & Digital,Unemployed,Not currently enrolled or employed,Customized supported employment plan,80,Good,107
751,Ali Al Shamsi,971501175769,ali.al.shamsi.751@example.com,Omar Al Hosani,971552000000,"Security, Gardening, Transcription",Physical,Limb loss / amputation,34,Indian,Advanced IT (Web dev),Manufacturing,Studying,Higher Learning Dubai,Accessible admin/IT roles,76,Good,93
752,Liam Williams,971562202698,liam.williams.752@example.com,Hessa Al Muhairi,971586000000,Handicrafts,Physical,Mobility impairment (wheelchair user),20,Indian,,Education Support,Freelance,Not currently enrolled or employed,Accessible admin/IT roles,52,Average,99
753,Liam Taylor,971580049332,liam.taylor.753@example.com,Sara Al Muhairi,971545000000,"Bookkeeping, Transcription",Autism,Autism Spectrum Disorder - Low support,33,Syrian,,Logistics & Warehouse,Studying,Company C (IT services),"IT & structured tasks (data, QA)",62,Average,94
754,Ibrahim Varma,971540259985,ibrahim.varma.754@example.com,Mariam Al Neyadi,971589000000,"IT support, Security, Bookkeeping",Autism,Autism Spectrum Disorder - High support,21,Emirati,"Advanced IT (Web dev), Bookkeeping",Data & Analytics,Vocational training,Private School Abu Dhabi,"IT & structured tasks (data, QA)",75,Good,111
755,Yusuf Al Rumaithi,971557652728,yusuf.al.rumaithi.755@example.com,Priya Raj,971567000000,"Assembly & packing, Retail cashier, Data entry",Mental Health,Chronic mental health condition,16,Pakistani,"Online freelancing (Upwork), Retail operations, Mobile phone repair",Creative/Design,Unemployed,Not currently enrolled or employed,Flexible hours roles (remote work),66,Average,117
756,Ahmed Al Hammadi,971581929022,ahmed.al.hammadi.756@example.com,Farah Varma,971524000000,Accounting basics,Autism,Autism Spectrum Disorder - Low support,18,Filipino,"Sign language (basic), Sign language (advanced)",Administration,Studying,Gulf Vocational Center,"IT & structured tasks (data, QA)",47,Below Average,97
757,Mohammed Al Muhairi,971525550193,mohammed.al.muhairi.757@example.com,Ethan Taylor,971520000000,"Handicrafts, Bookkeeping, Tailoring",Hearing,Hard of hearing,60,Syrian,Bookkeeping,Creative/Design,Studying,Gulf Vocational Center,Back-office admin roles,54,Average,77
758,Ahmed Al Ali,971505983124,ahmed.al.ali.758@example.com,Ravi Nair,971561000000,IT support,Autism,Autism Spectrum Disorder - Low support,55,Emirati,Sign language (advanced),Customer Service,Working,Higher Learning Dubai,Creative/design with clear briefs,63,Average,98
759,Deepa Varma,971542106294,deepa.varma.759@example.com,Deepa Raj,971556000000,Sales support,Intellectual,Moderate intellectual disability,20,Egyptian,"Sign language (advanced), Warehouse operations",Retail,Freelance,Not currently enrolled or employed,Supported employment with job coach,87,Excellent,107
760,Neha Menon,971528646120,neha.menon.760@example.com,Lucas Brown,971553000000,"Customer support, Handicrafts",Hearing,Hard of hearing,36,British,Hospitality training,Hospitality,Working,Online training - Coursera,On-site assembly/packing,49,Below Average,122
761,Saeed Al Hosani,971543219143,saeed.al.hosani.761@example.com,Anjali Mohan,971528000000,"Social media management, Web development, Gardening",Autism,Autism Spectrum Disorder - Low support,24,Indian,,Logistics & Warehouse,Working,Not currently enrolled or employed,Creative/design with clear briefs,83,Good,106
762,Rahul Varma,971588192048,rahul.varma.762@example.com,Anjali Reddy,971557000000,Kitchen assistant,Autism,Autism Spectrum Disorder - Low support,51,Indian,,Retail,Working,Not currently enrolled or employed,Supported workplace with routine,61,Average,88
763,Anoop Patel,971508585883,anoop.patel.763@example.com,Mason Johnson,971526000000,"Web development, Gardening",Mental Health,Chronic mental health condition,48,Indian,Retail operations,Handicrafts & Art,Freelance,Not currently enrolled or employed,Creative/artisan roles,59,Average,113
764,Sophia Brown,971529628222,sophia.brown.764@example.com,Liam Brown,971563000000,"Accounting basics, Data entry",Autism,Autism Spectrum Disorder - High support,42,Emirati,,Creative/Design,Freelance,Not currently enrolled or employed,"IT & structured tasks (data, QA)",93,Excellent,118
765,Hessa Al Hosani,971549929009,hessa.al.hosani.765@example.com,Anoop Reddy,971527000000,Gardening,Multiple,Multiple disabilities,37,Bangladeshi,"Mobile phone repair, Sign language (basic)",Retail,Studying,Special Needs Centre Ras Al Khaimah,Customized supported employment plan,57,Average,86
766,Anjali Thomas,971529101933,anjali.thomas.766@example.com,Khalid Al Ali,971562000000,Customer support,Autism,Autism Spectrum Disorder - Low support,30,Indian,"Basic IT (MS Office), Soft skills & communication, Customer service",Customer Service,Working,Technical College Abu Dhabi,Creative/design with clear briefs,67,Average,78
767,Huda Al Hosani,971586076264,huda.al.hosani.767@example.com,Majid Al Rumaithi,971540000000,"Assembly & packing, Web development",Visual,Blind / no vision,33,Indian,Hospitality training,Administration,Freelance,Not currently enrolled or employed,"Audio-based roles (call center, voice transcription)",69,Average,98
768,Ravi Kumar,971589441642,ravi.kumar.768@example.com,Emma Davis,971544000000,"Kitchen assistant, Sales support, Assembly & packing",Intellectual,Moderate intellectual disability,58,American,,Education Support,Unemployed,Not currently enrolled or employed,"Structured vocational roles (assembly, packaging)",58,Average,80
769,Deepa Patel,971529046175,deepa.patel.769@example.com,Emma Hall,971567000000,Customer support,Visual,Blind / no vision,27,Indian,Bookkeeping,Logistics & Warehouse,Studying,Special Needs Centre Ras Al Khaimah,"Tactile/vocational roles (tailoring, assembly)",72,Good,93
770,Ravi Cherian,971523456538,ravi.cherian.770@example.com,Amelia Jones,971559000000,Assembly & packing,Mental Health,Chronic mental health condition,30,Indian,,Handicrafts & Art,Vocational training,Gulf Vocational Center,Flexible hours roles (remote work),47,Below Average,65
771,Asha Thomas,971541009538,asha.thomas.771@example.com,Sophia Clark,971584000000,Gardening,Speech,Speech impairment,53,Filipino,Online freelancing (Upwork),Logistics & Warehouse,Studying,Freelance / Self-employed,IT & digital work,64,Average,121
772,Omar Al Hammadi,971586143788,omar.al.hammadi.772@example.com,Khalid Al Shamsi,971507000000,Security,Hearing,Hard of hearing,42,British,Warehouse operations,Logistics & Warehouse,Freelance,Not currently enrolled or employed,"Visual roles (data entry, graphic design)",89,Excellent,94
773,Noor Al Rumaithi,971508589900,noor.al.rumaithi.773@example.com,Omar Al Rumaithi,971529000000,"Security, Data entry, Retail cashier",Mental Health,Chronic mental health condition,45,Filipino,Retail operations,Education Support,Unemployed,Not currently enrolled or employed,Supportive workplace (part-time),55,Average,105
774,Mohammed Al Neyadi,971583746983,mohammed.al.neyadi.774@example.com,Huda Al Shamsi,971587000000,"Assembly & packing, Sales support",Visual,Low vision,27,Jordanian,"Graphic design, Basic IT (MS Office)",Data & Analytics,Working,Company B (Hospitality),IT roles with screen-reader support,50,Average,103
775,Priya Raj,971565906739,priya.raj.775@example.com,Noor Al Hammadi,971523000000,"Warehouse assistant, Data entry, Retail cashier",Mental Health,Chronic mental health condition,36,Bangladeshi,Customer service,Creative/Design,Studying,Company A (Retail),Flexible hours roles (remote work),76,Good,114
776,Latifa Al Falasi,971521867066,latifa.al.falasi.776@example.com,Mohammed Al Hosani,971553000000,Gardening,Visual,Low vision,48,Bangladeshi,Online freelancing (Upwork),Hospitality,Vocational training,Private School Abu Dhabi,IT roles with screen-reader support,63,Average,97
777,Khalid Al Neyadi,971551708649,khalid.al.neyadi.777@example.com,Huda Al Qubaisi,971542000000,"Tailoring, Data entry",Learning,Dyslexia / learning difficulty,31,Other,,Handicrafts & Art,Working,Company C (IT services),Hands-on vocational work,51,Average,90
778,Mia Smith,971559219587,mia.smith.778@example.com,Zainab Al Mansoori,971568000000,"Web development, Graphic design, Admin assistance",Learning,Dyslexia / learning difficulty,31,Bangladeshi,,Education Support,Working,Technical College Abu Dhabi,Supervised admin tasks,61,Average,104
779,Rahul Patel,971583158901,rahul.patel.779@example.com,Hessa Al Qubaisi,971583000000,Tailoring,Speech,Speech impairment,18,Emirati,Mobile phone repair,Sales & Marketing,Working,Company A (Retail),"Back-office roles (data entry, admin)",78,Good,90
780,Majid Al Hammadi,971560817262,majid.al.hammadi.780@example.com,Deepa Reddy,971562000000,"Gardening, Warehouse assistant, Accounting basics",Intellectual,Moderate intellectual disability,25,Pakistani,"Data entry, Graphic design, Special education support",Education Support,Working,Private School Abu Dhabi,Hospitality support roles with routines,87,Excellent,96
781,Asha Balakrishnan,971551276620,asha.balakrishnan.781@example.com,Kamal Nair,971520000000,"Social media management, Tailoring",Intellectual,Mild intellectual disability,28,Egyptian,Barista & cafe skills,Data & Analytics,Vocational training,Freelance / Self-employed,Hospitality support roles with routines,64,Average,91
782,Hessa Al Blooshi,971567012042,hessa.al.blooshi.782@example.com,Zainab Al Neyadi,971559000000,"Social media management, Gardening, Admin assistance",Hearing,Deaf,31,Emirati,"Advanced IT (Web dev), Sign language (advanced), Warehouse operations",Sales & Marketing,Unemployed,Not currently enrolled or employed,"Visual roles (data entry, graphic design)",30,Needs Support,110
783,Noor Al Neyadi,971555240553,noor.al.neyadi.783@example.com,Anoop Patel,971562000000,"Content writing, Transcription",Multiple,Multiple disabilities,41,Bangladeshi,Hospitality training,Manufacturing,Unemployed,Not currently enrolled or employed,Customized supported employment plan,76,Good,96
784,Maya Raj,971565466232,maya.raj.784@example.com,Mohammed Al Falasi,971558000000,"Gardening, Sales support",Physical,Limb loss / amputation,24,Indian,Customer service,Accounting/Finance,Studying,Special Needs Centre Ras Al Khaimah,"Remote/desk roles (customer support, data entry)",66,Average,106
785,Anoop Nair,971526992066,anoop.nair.785@example.com,Sara Al Qubaisi,971566000000,"Tailoring, Transcription, Bookkeeping",Autism,Autism Spectrum Disorder - Low support,58,Bangladeshi,Barista & cafe skills,Data & Analytics,Vocational training,Company A (Retail),Creative/design with clear briefs,41,Below Average,93
786,Maya Thomas,971557925604,maya.thomas.786@example.com,Hessa Al Ali,971521000000,Tailoring,Visual,Blind / no vision,54,Pakistani,,Retail,Freelance,Not currently enrolled or employed,"Tactile/vocational roles (tailoring, assembly)",76,Good,84
787,Ahmed Al Hosani,971544076291,ahmed.al.hosani.787@example.com,Ethan Williams,971520000000,"Sales support, Warehouse assistant, Web development",Physical,Mobility impairment (wheelchair user),29,Pakistani,"Customer service, Advanced IT (Web dev), Life skills & mobility training",Education Support,Vocational training,Freelance / Self-employed,Accessible admin/IT roles,69,Average,83
788,Ali Al Mansoori,971505920823,ali.al.mansoori.788@example.com,Salma Al Mazroui,971568000000,"Transcription, Customer support, Kitchen assistant",Autism,Autism Spectrum Disorder - High support,55,Indian,"Life skills & mobility training, Customer service, Basic IT (MS Office)",Hospitality,Working,Community College Sharjah,"IT & structured tasks (data, QA)",71,Good,99
789,Anjali Cherian,971566618695,anjali.cherian.789@example.com,Noah Jones,971520000000,Handicrafts,Mental Health,Chronic mental health condition,26,Indian,"Project-based training (3 months), Barista & cafe skills, Warehouse operations",Hospitality,Studying,Company A (Retail),Supportive workplace (part-time),40,Below Average,113
790,Rahul Nair,971507503619,rahul.nair.790@example.com,Neha Kumar,971526000000,"Customer support, Handicrafts",Autism,Autism Spectrum Disorder - High support,46,Emirati,"Vocational tailoring, Bookkeeping",Creative/Design,Freelance,Not currently enrolled or employed,Creative/design with clear briefs,53,Average,90
791,Ethan Hall,971560476078,ethan.hall.791@example.com,Ali Al Neyadi,971541000000,"Transcription, Kitchen assistant, Graphic design",Physical,Limb loss / amputation,46,Filipino,"Sign language (advanced), Vocational tailoring, Life skills & mobility training",Agriculture/Gardening,Working,Special Needs Centre Ras Al Khaimah,Accessible admin/IT roles,68,Average,113
792,Hessa Al Mazroui,971561858055,hessa.al.mazroui.792@example.com,Ravi Thomas,971582000000,"IT support, Security, Customer support",Learning,Dyslexia / learning difficulty,39,Emirati,"Online freelancing (Upwork), Basic IT (MS Office), Advanced IT (Web dev)",Handicrafts & Art,Studying,Online training - Coursera,Roles with assistive tech (auditory support),49,Below Average,100
793,Priya Patel,971508403982,priya.patel.793@example.com,Latifa Al Mazroui,971584000000,"Transcription, Security, Social media management",Autism,Autism Spectrum Disorder - High support,39,American,,Sales & Marketing,Working,Company B (Hospitality),"IT & structured tasks (data, QA)",71,Good,108
794,Saeed Al Muhairi,971565164693,saeed.al.muhairi.794@example.com,Olivia Taylor,971586000000,"Content writing, Customer support, Assembly & packing",Hearing,Hard of hearing,32,British,"Advanced IT (Web dev), Soft skills & communication, Life skills & mobility training",Customer Service,Freelance,Not currently enrolled or employed,"Visual roles (data entry, graphic design)",67,Average,95
795,Anjali Menon,971581991843,anjali.menon.795@example.com,Khalid Al Hammadi,971523000000,Warehouse assistant,Hearing,Hard of hearing,51,Indian,Warehouse operations,Administration,Studying,Higher Learning Dubai,"Visual roles (data entry, graphic design)",52,Average,101
796,Anoop Kumar,971547220539,anoop.kumar.796@example.com,Liam Clark,971555000000,"Handicrafts, Graphic design, Admin assistance",Learning,Dyslexia / learning difficulty,59,Syrian,,Handicrafts & Art,Working,Higher Learning Dubai,Hands-on vocational work,48,Below Average,64
797,Asha Raj,971564676626,asha.raj.797@example.com,Saeed Al Rumaithi,971530000000,"Retail cashier, Data entry, Web development",Mental Health,Chronic mental health condition,40,Emirati,"Online freelancing (Upwork), Life skills & mobility training",Technical Repair,Working,Online training - Coursera,Supportive workplace (part-time),71,Good,110
798,Anjali Varma,971520630663,anjali.varma.798@example.com,Ahmed Al Blooshi,971503000000,Gardening,Autism,Autism Spectrum Disorder - High support,53,Emirati,,Agriculture/Gardening,Studying,Gulf Vocational Center,"IT & structured tasks (data, QA)",30,Needs Support,87
799,Olivia Smith,971525209452,olivia.smith.799@example.com,Ibrahim Cherian,971526000000,"Customer support, Tailoring",Autism,Autism Spectrum Disorder - Low support,57,Bangladeshi,"Advanced IT (Web dev), Customer service, CNC basics",Manufacturing,Freelance,Not currently enrolled or employed,Creative/design with clear briefs,74,Good,124
800,Sophia Jones,971524920548,sophia.jones.800@example.com,Ethan Jones,971544000000,"Kitchen assistant, Content writing",Physical,Limb loss / amputation,51,Filipino,Bookkeeping,Technical Repair,Unemployed,Not currently enrolled or employed,Accessible admin/IT roles,65,Average,91
801,Anoop Reddy,971522952179,anoop.reddy.801@example.com,Priya Thomas,971556000000,"Data entry, Retail cashier",Hearing,Hard of hearing,50,Indian,"Customer service, Mobile phone repair, Warehouse operations",IT & Digital,Studying,Community College Sharjah,"Visual roles (data entry, graphic design)",62,Average,116
802,Zainab Al Mazroui,971505301731,zainab.al.mazroui.802@example.com,Aisha Al Blooshi,971551000000,Handicrafts,Visual,Low vision,27,Indian,Special education support,Manufacturing,Working,Company C (IT services),"Tactile/vocational roles (tailoring, assembly)",55,Average,90
803,Huda Al Mansoori,971585315790,huda.al.mansoori.803@example.com,Sara Al Hosani,971562000000,"Warehouse assistant, Security",Multiple,Multiple disabilities,41,Filipino,,Logistics & Warehouse,Studying,Community College Sharjah,Customized supported employment plan,57,Average,88
804,Maya Patel,971588768057,maya.patel.804@example.com,Hamad Al Neyadi,971588000000,Accounting basics,Speech,Speech impairment,57,Emirati,,Agriculture/Gardening,Working,Company A (Retail),"Back-office roles (data entry, admin)",66,Average,119
805,Ali Al Rumaithi,971589732396,ali.al.rumaithi.805@example.com,Mohammed Al Muhairi,971528000000,"Accounting basics, Social media management, Tailoring",Intellectual,Mild intellectual disability,55,British,"Online freelancing (Upwork), Sign language (advanced), Vocational tailoring",Administration,Unemployed,Not currently enrolled or employed,Supported employment with job coach,69,Average,96
806,Anjali Nair,971522091401,anjali.nair.806@example.com,Khalid Al Neyadi,971523000000,"Content writing, Web development, Data entry",Intellectual,Moderate intellectual disability,58,Emirati,"Barista & cafe skills, Project-based training (3 months), Graphic design",Manufacturing,Unemployed,Not currently enrolled or employed,Hospitality support roles with routines,60,Average,81
807,Huda Al Mazroui,971555699913,huda.al.mazroui.807@example.com,Arjun Singh,971501000000,"Web development, Tailoring, Sales support",Speech,Speech impairment,43,Other,"CNC basics, Project-based training (3 months), Sign language (basic)",Administration,Freelance,Not currently enrolled or employed,IT & digital work,78,Good,99
808,Mason Smith,971556470703,mason.smith.808@example.com,Anjali Raj,971551000000,"Graphic design, Customer support",Speech,Speech impairment,35,Emirati,"Bookkeeping, Advanced IT (Web dev), Customer service",Technical Repair,Working,Technical College Abu Dhabi,Graphic design/creative roles,62,Average,138
809,Anoop Cherian,971525826762,anoop.cherian.809@example.com,Ahmed Al Falasi,971522000000,"Social media management, Assembly & packing",Learning,Dyslexia / learning difficulty,38,Filipino,,Handicrafts & Art,Vocational training,Special Needs Centre Ras Al Khaimah,Supervised admin tasks,69,Average,90
810,Rahul Balakrishnan,971521839979,rahul.balakrishnan.810@example.com,Ethan Allen,971521000000,"Data entry, Retail cashier",Mental Health,Chronic mental health condition,55,American,Customer service,Creative/Design,Working,Private School Abu Dhabi,Supportive workplace (part-time),58,Average,113
811,Ali Al Rumaithi,971529461212,ali.al.rumaithi.811@example.com,Deepa Thomas,971561000000,"Graphic design, Accounting basics, Admin assistance",Visual,Blind / no vision,32,Emirati,"Vocational tailoring, Customer service, Sign language (basic)",Creative/Design,Vocational training,Company B (Hospitality),IT roles with screen-reader support,66,Average,82
812,Mia Jones,971522567871,mia.jones.812@example.com,Mason Hall,971522000000,"Graphic design, Security",Hearing,Deaf,58,Pakistani,,Education Support,Vocational training,Not currently enrolled or employed,"Visual roles (data entry, graphic design)",78,Good,91
813,Sanjay Balakrishnan,971585647998,sanjay.balakrishnan.813@example.com,Ethan Davis,971506000000,"Transcription, Bookkeeping, Data entry",Speech,Speech impairment,40,Emirati,"Customer service, Sign language (basic), Warehouse operations",Data & Analytics,Studying,Company B (Hospitality),"Back-office roles (data entry, admin)",93,Excellent,112
814,Neha Reddy,971506620165,neha.reddy.814@example.com,Saeed Al Rumaithi,971559000000,"Sales support, Kitchen assistant",Hearing,Deaf,36,Jordanian,,Retail,Working,Private School Abu Dhabi,On-site assembly/packing,58,Average,115
815,Mohammed Al Falasi,971567586824,mohammed.al.falasi.815@example.com,Priya Singh,971557000000,"Gardening, Sales support, Retail cashier",Hearing,Hard of hearing,35,Indian,,Retail,Unemployed,Not currently enrolled or employed,"Visual roles (data entry, graphic design)",66,Average,110
816,Yusuf Al Ali,971550835701,yusuf.al.ali.816@example.com,Arjun Reddy,971521000000,Warehouse assistant,Learning,Dyslexia / learning difficulty,42,Emirati,,Logistics & Warehouse,Vocational training,Company B (Hospitality),Roles with assistive tech (auditory support),72,Good,89
817,Mariam Al Mansoori,971581349096,mariam.al.mansoori.817@example.com,Reema Balakrishnan,971560000000,Kitchen assistant,Visual,Low vision,51,Indian,"Project-based training (3 months), Data entry, Soft skills & communication",IT & Digital,Working,Technical College Abu Dhabi,"Tactile/vocational roles (tailoring, assembly)",55,Average,112
818,Huda Al Rumaithi,971554809573,huda.al.rumaithi.818@example.com,Rahul Kumar,971550000000,Customer support,Mental Health,Chronic mental health condition,55,Indian,Graphic design,Manufacturing,Freelance,Not currently enrolled or employed,Creative/artisan roles,59,Average,95
819,Noah Taylor,971564907342,noah.taylor.819@example.com,Aisha Al Qubaisi,971588000000,Retail cashier,Hearing,Deaf,55,Indian,,Logistics & Warehouse,Unemployed,Not currently enrolled or employed,Back-office admin roles,50,Average,105
820,Majid Al Rumaithi,971523088295,majid.al.rumaithi.820@example.com,Kamal Reddy,971588000000,"Data entry, Kitchen assistant",Learning,Dyslexia / learning difficulty,30,Emirati,"Project-based training (3 months), Data entry, Vocational tailoring",Customer Service,Working,Company A (Retail),Supervised admin tasks,95,Excellent,87
821,Olivia Brown,971527306629,olivia.brown.821@example.com,Fatima Al Blooshi,971508000000,"Warehouse assistant, Gardening",Speech,Speech impairment,25,American,"Mobile phone repair, Life skills & mobility training",Agriculture/Gardening,Unemployed,Not currently enrolled or employed,IT & digital work,65,Average,116
822,Olivia Johnson,971552371798,olivia.johnson.822@example.com,Liam Johnson,971524000000,"Transcription, Admin assistance, Customer support",Multiple,Multiple disabilities,33,British,"CNC basics, Project-based training (3 months)",Agriculture/Gardening,Working,Special Needs Centre Ras Al Khaimah,Customized supported employment plan,63,Average,105
823,Sara Al Falasi,971555539818,sara.al.falasi.823@example.com,Rahul Kumar,971527000000,Transcription,Physical,Limb loss / amputation,36,Indian,"Retail operations, Soft skills & communication",Agriculture/Gardening,Unemployed,Not currently enrolled or employed,Supervised workshop tasks,49,Below Average,105
824,Huda Al Ali,971528488763,huda.al.ali.824@example.com,Reema Nair,971508000000,"Tailoring, Data entry, Warehouse assistant",Learning,Dyslexia / learning difficulty,22,Emirati,,Logistics & Warehouse,Unemployed,Not currently enrolled or employed,Hands-on vocational work,62,Average,111
825,Rashid Al Hammadi,971528861820,rashid.al.hammadi.825@example.com,Maya Kumar,971557000000,Gardening,Visual,Low vision,30,Indian,Warehouse operations,Logistics & Warehouse,Vocational training,Online training - Coursera,"Audio-based roles (call center, voice transcription)",82,Good,131
826,Majid Al Hammadi,971526497035,majid.al.hammadi.826@example.com,Omar Al Blooshi,971559000000,"Admin assistance, Bookkeeping",Hearing,Deaf,60,Indian,,Data & Analytics,Studying,Freelance / Self-employed,"Visual roles (data entry, graphic design)",73,Good,103
827,Saeed Al Blooshi,971580570521,saeed.al.blooshi.827@example.com,Deepa Balakrishnan,971584000000,Graphic design,Hearing,Deaf,48,Pakistani,"Graphic design, Bookkeeping",Technical Repair,Working,Technical College Abu Dhabi,Back-office admin roles,67,Average,95
828,Emma Johnson,971525036871,emma.johnson.828@example.com,Huda Al Ali,971561000000,Bookkeeping,Autism,Autism Spectrum Disorder - High support,19,British,"Data entry, Retail operations",Education Support,Working,Special Needs Centre Ras Al Khaimah,Creative/design with clear briefs,70,Good,96
829,Amelia Jones,971503664016,amelia.jones.829@example.com,Ali Al Qubaisi,971547000000,"Accounting basics, Web development, Admin assistance",Autism,Autism Spectrum Disorder - Low support,47,Indian,Hospitality training,Logistics & Warehouse,Working,Company B (Hospitality),Supported workplace with routine,67,Average,115
830,Mohammed Al Muhairi,971561585423,mohammed.al.muhairi.830@example.com,Noor Al Hosani,971555000000,Admin assistance,Autism,Autism Spectrum Disorder - Low support,43,Bangladeshi,Bookkeeping,Handicrafts & Art,Unemployed,Not currently enrolled or employed,Creative/design with clear briefs,49,Below Average,113
831,Anoop Nair,971581595841,anoop.nair.831@example.com,Mia Jones,971589000000,Content writing,Physical,Mobility impairment (wheelchair user),26,American,,Education Support,Vocational training,Higher Learning Dubai,Supervised workshop tasks,84,Good,98
832,Ethan Brown,971524476094,ethan.brown.832@example.com,Olivia Clark,971527000000,Handicrafts,Intellectual,Mild intellectual disability,34,Egyptian,,Data & Analytics,Studying,Freelance / Self-employed,Supported employment with job coach,33,Needs Support,92
833,Liam Allen,971589621836,liam.allen.833@example.com,Sara Al Hosani,971567000000,"Accounting basics, Customer support",Hearing,Deaf,41,American,Customer service,Retail,Vocational training,Online training - Coursera,On-site assembly/packing,84,Good,99
834,Kamal Kumar,971503768367,kamal.kumar.834@example.com,Ahmed Al Hosani,971558000000,"Data entry, Accounting basics",Multiple,Multiple disabilities,41,Emirati,Sign language (advanced),Data & Analytics,Unemployed,Not currently enrolled or employed,Customized supported employment plan,50,Average,93
835,Noor Al Falasi,971546426018,noor.al.falasi.835@example.com,Omar Al Muhairi,971553000000,Accounting basics,Learning,Dyslexia / learning difficulty,37,Indian,"CNC basics, Warehouse operations, Data entry",Data & Analytics,Studying,Company C (IT services),Roles with assistive tech (auditory support),77,Good,106
836,Latifa Al Blooshi,971502551344,latifa.al.blooshi.836@example.com,Ethan Hall,971557000000,Bookkeeping,Physical,Mobility impairment (wheelchair user),35,Indian,,Handicrafts & Art,Freelance,Not currently enrolled or employed,Accessible admin/IT roles,61,Average,95
837,Fatima Al Blooshi,971587493251,fatima.al.blooshi.837@example.com,Rashid Al Shamsi,971569000000,Gardening,Multiple,Multiple disabilities,60,Emirati,"Bookkeeping, Sign language (advanced)",Customer Service,Working,Private School Abu Dhabi,Customized supported employment plan,59,Average,88
838,Majid Al Neyadi,971508580018,majid.al.neyadi.838@example.com,Arjun Singh,971544000000,"Accounting basics, IT support",Visual,Blind / no vision,43,Indian,,Customer Service,Unemployed,Not currently enrolled or employed,"Audio-based roles (call center, voice transcription)",89,Excellent,96
839,Ravi Kumar,971566856425,ravi.kumar.839@example.com,Reema Kumar,971558000000,"Accounting basics, Handicrafts",Speech,Speech impairment,20,Indian,,Education Support,Studying,Gulf Vocational Center,"Back-office roles (data entry, admin)",83,Good,118
840,Majid Al Falasi,971525505224,majid.al.falasi.840@example.com,Ravi Patel,971522000000,"Gardening, Tailoring, Web development",Hearing,Deaf,20,Indian,,Hospitality,Freelance,Not currently enrolled or employed,On-site assembly/packing,79,Good,94
841,Salma Al Neyadi,971528222240,salma.al.neyadi.841@example.com,Saeed Al Neyadi,971529000000,"Tailoring, Customer support, Graphic design",Visual,Low vision,57,Emirati,,Data & Analytics,Studying,Company B (Hospitality),"Tactile/vocational roles (tailoring, assembly)",71,Good,99
842,Rashid Al Hosani,971523252861,rashid.al.hosani.842@example.com,Neha Raj,971589000000,"Retail cashier, Tailoring",Visual,Blind / no vision,35,Emirati,"Mobile phone repair, Basic IT (MS Office), Vocational tailoring",Handicrafts & Art,Vocational training,Private School Abu Dhabi,"Tactile/vocational roles (tailoring, assembly)",51,Average,103
843,Hamad Al Rumaithi,971509536773,hamad.al.rumaithi.843@example.com,Rashid Al Ali,971585000000,Security,Multiple,Multiple disabilities,21,Indian,"Retail operations, Barista & cafe skills, Graphic design",Handicrafts & Art,Working,Private School Abu Dhabi,Customized supported employment plan,47,Below Average,114
844,Sophia Williams,971528096641,sophia.williams.844@example.com,Zainab Al Neyadi,971527000000,"Bookkeeping, Warehouse assistant",Speech,Speech impairment,41,Indian,Life skills & mobility training,Agriculture/Gardening,Vocational training,Not currently enrolled or employed,IT & digital work,58,Average,102
845,Rashid Al Ali,971543243679,rashid.al.ali.845@example.com,Aisha Al Blooshi,971551000000,"Retail cashier, Assembly & packing, Transcription",Hearing,Deaf,33,Emirati,"Soft skills & communication, Mobile phone repair",Administration,Vocational training,Technical College Abu Dhabi,On-site assembly/packing,69,Average,96
846,Anoop Thomas,971562497939,anoop.thomas.846@example.com,Farah Mohan,971522000000,"Handicrafts, Admin assistance, Graphic design",Physical,Limb loss / amputation,41,American,,Administration,Studying,Online training - Coursera,Accessible admin/IT roles,73,Good,94
847,Mohammed Al Shamsi,971582014896,mohammed.al.shamsi.847@example.com,Mason Smith,971563000000,Gardening,Physical,Limb loss / amputation,34,Indian,"CNC basics, Warehouse operations",Retail,Working,Special Needs Centre Ras Al Khaimah,"Remote/desk roles (customer support, data entry)",78,Good,83
848,Reema Menon,971526456339,reema.menon.848@example.com,Ali Al Rumaithi,971569000000,"IT support, Accounting basics, Assembly & packing",Autism,Autism Spectrum Disorder - High support,58,Emirati,"Bookkeeping, Special education support, CNC basics",Hospitality,Vocational training,Company A (Retail),Supported workplace with routine,66,Average,123
849,Latifa Al Neyadi,971525391016,latifa.al.neyadi.849@example.com,Zainab Al Qubaisi,971502000000,Social media management,Physical,Mobility impairment (wheelchair user),21,Emirati,"Sign language (basic), Online freelancing (Upwork)",Technical Repair,Vocational training,Company A (Retail),Supervised workshop tasks,49,Below Average,91
850,Ethan Hall,971521409841,ethan.hall.850@example.com,Ravi Reddy,971559000000,"Gardening, Tailoring",Physical,Limb loss / amputation,41,Emirati,,Data & Analytics,Studying,Special Needs Centre Ras Al Khaimah,Supervised workshop tasks,72,Good,102
851,Noah Smith,971528866168,noah.smith.851@example.com,Emma Allen,971560000000,"Web development, Customer support",Autism,Autism Spectrum Disorder - High support,37,Indian,Barista & cafe skills,Administration,Studying,Technical College Abu Dhabi,Supported workplace with routine,70,Good,105
852,Rahul Singh,971559138601,rahul.singh.852@example.com,Omar Al Hosani,971522000000,Web development,Learning,Dyslexia / learning difficulty,35,Other,"CNC basics, Basic IT (MS Office)",Retail,Freelance,Not currently enrolled or employed,Hands-on vocational work,74,Good,113
853,Rahul Singh,971541128745,rahul.singh.853@example.com,Omar Al Rumaithi,971509000000,Tailoring,Intellectual,Mild intellectual disability,34,British,,Administration,Vocational training,Higher Learning Dubai,"Structured vocational roles (assembly, packaging)",71,Good,97
854,Mia Jones,971561619423,mia.jones.854@example.com,Ravi Varma,971540000000,"Accounting basics, Security",Physical,Mobility impairment (wheelchair user),42,Filipino,,Education Support,Working,Community College Sharjah,Accessible admin/IT roles,75,Good,122
855,Saeed Al Muhairi,971527410254,saeed.al.muhairi.855@example.com,Ibrahim Singh,971588000000,"Retail cashier, Content writing, Bookkeeping",Autism,Autism Spectrum Disorder - High support,38,Indian,,IT & Digital,Working,Company C (IT services),Supported workplace with routine,63,Average,88
856,Priya Reddy,971555635584,priya.reddy.856@example.com,Noah Clark,971582000000,"Data entry, Sales support",Intellectual,Mild intellectual disability,39,Emirati,,Sales & Marketing,Studying,Special Needs Centre Ras Al Khaimah,Hospitality support roles with routines,81,Good,98
857,Emma Williams,971506862408,emma.williams.857@example.com,Aisha Al Mazroui,971507000000,Sales support,Intellectual,Moderate intellectual disability,24,Pakistani,"Vocational tailoring, Sign language (basic), Soft skills & communication",Accounting/Finance,Studying,Community College Sharjah,Hospitality support roles with routines,32,Needs Support,110
858,Salma Al Muhairi,971562228240,salma.al.muhairi.858@example.com,Maya Varma,971523000000,Customer support,Hearing,Hard of hearing,18,Emirati,"CNC basics, Hospitality training",Administration,Working,Higher Learning Dubai,Back-office admin roles,56,Average,98
859,Salma Al Blooshi,971580535722,salma.al.blooshi.859@example.com,Kamal Balakrishnan,971521000000,"Bookkeeping, Data entry, Web development",Physical,Mobility impairment (wheelchair user),54,Jordanian,,Creative/Design,Studying,Special Needs Centre Ras Al Khaimah,"Remote/desk roles (customer support, data entry)",69,Average,102
860,Farah Thomas,971543419528,farah.thomas.860@example.com,Ravi Menon,971545000000,"Content writing, Transcription, Bookkeeping",Autism,Autism Spectrum Disorder - High support,18,Emirati,,Education Support,Studying,Community College Sharjah,Creative/design with clear briefs,75,Good,94
861,Mason Smith,971583789121,mason.smith.861@example.com,Mariam Al Rumaithi,971587000000,"Sales support, Kitchen assistant",Hearing,Deaf,37,Pakistani,"Basic IT (MS Office), Life skills & mobility training",Data & Analytics,Working,Company C (IT services),Back-office admin roles,72,Good,96
862,Yusuf Al Qubaisi,971559045289,yusuf.al.qubaisi.862@example.com,Lucas Smith,971551000000,"Admin assistance, Customer support",Visual,Blind / no vision,44,Jordanian,,Education Support,Working,Company A (Retail),"Tactile/vocational roles (tailoring, assembly)",76,Good,107
863,Salma Al Falasi,971588149802,salma.al.falasi.863@example.com,Ahmed Al Ali,971544000000,"Admin assistance, Sales support",Multiple,Multiple disabilities,41,Indian,Barista & cafe skills,Data & Analytics,Unemployed,Not currently enrolled or employed,Customized supported employment plan,50,Average,113
864,Noor Al Hammadi,971523242348,noor.al.hammadi.864@example.com,Mohammed Al Mansoori,971507000000,"Transcription, Warehouse assistant",Multiple,Multiple disabilities,41,Filipino,"CNC basics, Bookkeeping",Creative/Design,Freelance,Not currently enrolled or employed,Customized supported employment plan,56,Average,109
865,Lucas Johnson,971527960242,lucas.johnson.865@example.com,Mohammed Al Neyadi,971523000000,Warehouse assistant,Hearing,Deaf,27,Other,Soft skills & communication,Education Support,Studying,Special Needs Centre Ras Al Khaimah,"Visual roles (data entry, graphic design)",70,Good,122
866,Noah Allen,971556299172,noah.allen.866@example.com,Noor Al Muhairi,971562000000,"Bookkeeping, Gardening",Autism,Autism Spectrum Disorder - High support,27,American,Warehouse operations,Education Support,Vocational training,Company A (Retail),"IT & structured tasks (data, QA)",61,Average,95
867,Ali Al Blooshi,971520313928,ali.al.blooshi.867@example.com,Latifa Al Blooshi,971502000000,Handicrafts,Physical,Limb loss / amputation,52,Emirati,"Project-based training (3 months), Sign language (advanced)",Customer Service,Vocational training,Higher Learning Dubai,Supervised workshop tasks,64,Average,96
868,Mohammed Al Hammadi,971502956162,mohammed.al.hammadi.868@example.com,Saeed Al Falasi,971585000000,"Tailoring, Web development, Bookkeeping",Hearing,Hard of hearing,16,Jordanian,,Handicrafts & Art,Unemployed,Not currently enrolled or employed,On-site assembly/packing,76,Good,80
869,Arjun Nair,971583167781,arjun.nair.869@example.com,Huda Al Mansoori,971554000000,"IT support, Graphic design, Admin assistance",Speech,Speech impairment,38,Emirati,"Mobile phone repair, Project-based training (3 months), Special education support",Manufacturing,Studying,Gulf Vocational Center,Graphic design/creative roles,49,Below Average,87
870,Farah Reddy,971502092815,farah.reddy.870@example.com,Anjali Reddy,971582000000,"Transcription, Admin assistance, Data entry",Learning,Dyslexia / learning difficulty,23,Indian,"Online freelancing (Upwork), Mobile phone repair, Sign language (basic)",Manufacturing,Studying,Gulf Vocational Center,Roles with assistive tech (auditory support),79,Good,120
871,Ravi Mohan,971549212684,ravi.mohan.871@example.com,Priya Reddy,971527000000,"Bookkeeping, Admin assistance, Warehouse assistant",Visual,Blind / no vision,17,Emirati,Special education support,Data & Analytics,Working,Not currently enrolled or employed,"Audio-based roles (call center, voice transcription)",63,Average,97
872,Emma Williams,971524659866,emma.williams.872@example.com,Neha Cherian,971528000000,"Handicrafts, Content writing",Intellectual,Mild intellectual disability,37,Pakistani,Advanced IT (Web dev),Hospitality,Studying,Special Needs Centre Ras Al Khaimah,Hospitality support roles with routines,66,Average,113
873,Lucas Taylor,971526642673,lucas.taylor.873@example.com,Sophia Brown,971523000000,"Security, Warehouse assistant",Speech,Speech impairment,31,Indian,"Project-based training (3 months), Online freelancing (Upwork), Mobile phone repair",Handicrafts & Art,Working,Company B (Hospitality),IT & digital work,51,Average,102
874,Neha Nair,971549451046,neha.nair.874@example.com,Priya Kumar,971559000000,"Customer support, Assembly & packing, Web development",Hearing,Deaf,23,Emirati,"Mobile phone repair, Online freelancing (Upwork), Vocational tailoring",Agriculture/Gardening,Freelance,Not currently enrolled or employed,Back-office admin roles,79,Good,106
875,Ahmed Al Qubaisi,971559344212,ahmed.al.qubaisi.875@example.com,Sanjay Reddy,971525000000,"Data entry, Retail cashier, Kitchen assistant",Intellectual,Moderate intellectual disability,51,Other,"Special education support, CNC basics, Customer service",Manufacturing,Studying,Company B (Hospitality),Supported employment with job coach,67,Average,112
876,Anjali Cherian,971503398214,anjali.cherian.876@example.com,Rahul Nair,971523000000,"Sales support, Security",Hearing,Deaf,20,Egyptian,"Basic IT (MS Office), Warehouse operations, Sign language (basic)",Education Support,Vocational training,Freelance / Self-employed,"Visual roles (data entry, graphic design)",30,Needs Support,108
877,Mason Davis,971520112200,mason.davis.877@example.com,Mason Jones,971564000000,"Gardening, Security",Speech,Speech impairment,29,Indian,,Data & Analytics,Working,Not currently enrolled or employed,Graphic design/creative roles,55,Average,78
878,Maya Thomas,971581360549,maya.thomas.878@example.com,Lucas Allen,971521000000,"Kitchen assistant, Graphic design, Handicrafts",Physical,Limb loss / amputation,28,Emirati,"Advanced IT (Web dev), Basic IT (MS Office)",Hospitality,Studying,Community College Sharjah,Accessible admin/IT roles,72,Good,116
879,Omar Al Blooshi,971528080388,omar.al.blooshi.879@example.com,Ibrahim Thomas,971580000000,"Security, Content writing",Hearing,Hard of hearing,31,Emirati,"Graphic design, Sign language (basic)",Creative/Design,Working,Company B (Hospitality),Back-office admin roles,62,Average,111
880,Sanjay Mohan,971583747558,sanjay.mohan.880@example.com,Mohammed Al Qubaisi,971580000000,"Transcription, Social media management",Intellectual,Moderate intellectual disability,23,Indian,,Hospitality,Freelance,Not currently enrolled or employed,Hospitality support roles with routines,89,Excellent,115
881,Sara Al Hammadi,971506988371,sara.al.hammadi.881@example.com,Aisha Al Blooshi,971567000000,"Admin assistance, Kitchen assistant",Autism,Autism Spectrum Disorder - Low support,46,Bangladeshi,Sign language (basic),Retail,Working,Company A (Retail),"IT & structured tasks (data, QA)",89,Excellent,108
882,Reema Kumar,971548353458,reema.kumar.882@example.com,Zainab Al Falasi,971547000000,"Accounting basics, Retail cashier, Tailoring",Visual,Blind / no vision,53,Filipino,"Warehouse operations, Customer service, Hospitality training",Customer Service,Freelance,Not currently enrolled or employed,IT roles with screen-reader support,66,Average,80
883,Kamal Kumar,971505846687,kamal.kumar.883@example.com,Arjun Kumar,971523000000,"Assembly & packing, Gardening",Multiple,Multiple disabilities,45,Emirati,Data entry,Manufacturing,Studying,Community College Sharjah,Customized supported employment plan,61,Average,89
884,Liam Johnson,971542854613,liam.johnson.884@example.com,Latifa Al Shamsi,971523000000,Transcription,Learning,Dyslexia / learning difficulty,45,Syrian,Online freelancing (Upwork),Data & Analytics,Working,Company A (Retail),Hands-on vocational work,97,Excellent,97
885,Emma Brown,971528425278,emma.brown.885@example.com,Olivia Smith,971529000000,"Web development, Handicrafts",Physical,Mobility impairment (wheelchair user),25,Egyptian,"Bookkeeping, Online freelancing (Upwork)",Administration,Unemployed,Not currently enrolled or employed,"Remote/desk roles (customer support, data entry)",66,Average,106
886,Omar Al Rumaithi,971587719619,omar.al.rumaithi.886@example.com,Maya Singh,971556000000,"Security, Content writing, Bookkeeping",Intellectual,Mild intellectual disability,34,Emirati,Bookkeeping,Data & Analytics,Working,Technical College Abu Dhabi,Hospitality support roles with routines,65,Average,120
887,Neha Nair,971524265379,neha.nair.887@example.com,Hamad Al Muhairi,971522000000,"Sales support, Bookkeeping",Intellectual,Moderate intellectual disability,17,Indian,"Advanced IT (Web dev), Hospitality training, Barista & cafe skills",Customer Service,Unemployed,Not currently enrolled or employed,Hospitality support roles with routines,55,Average,102
888,Saeed Al Mazroui,971581016260,saeed.al.mazroui.888@example.com,Mohammed Al Muhairi,971556000000,Bookkeeping,Autism,Autism Spectrum Disorder - Low support,45,British,"Bookkeeping, Soft skills & communication",Logistics & Warehouse,Unemployed,Not currently enrolled or employed,Creative/design with clear briefs,53,Average,84
889,Ravi Balakrishnan,971521496791,ravi.balakrishnan.889@example.com,Lucas Williams,971589000000,"Web development, Assembly & packing",Visual,Blind / no vision,21,Other,"Retail operations, Customer service, Soft skills & communication",Retail,Working,Company B (Hospitality),"Tactile/vocational roles (tailoring, assembly)",55,Average,99
890,Rashid Al Muhairi,971587240002,rashid.al.muhairi.890@example.com,Huda Al Hammadi,971501000000,"Handicrafts, Web development",Physical,Mobility impairment (wheelchair user),51,Syrian,"Hospitality training, Warehouse operations, Sign language (basic)",Accounting/Finance,Studying,Freelance / Self-employed,Supervised workshop tasks,58,Average,91
891,Arjun Varma,971553693010,arjun.varma.891@example.com,Mohammed Al Qubaisi,971509000000,"Transcription, Customer support",Autism,Autism Spectrum Disorder - High support,23,Jordanian,Soft skills & communication,Sales & Marketing,Freelance,Not currently enrolled or employed,"IT & structured tasks (data, QA)",43,Below Average,99
892,Hessa Al Hosani,971548929093,hessa.al.hosani.892@example.com,Hessa Al Rumaithi,971528000000,Content writing,Visual,Low vision,50,American,,Retail,Freelance,Not currently enrolled or employed,IT roles with screen-reader support,42,Below Average,109
893,Kamal Singh,971549474705,kamal.singh.893@example.com,Olivia Brown,971521000000,Tailoring,Multiple,Multiple disabilities,55,Indian,"Project-based training (3 months), Soft skills & communication, Bookkeeping",Retail,Studying,Company C (IT services),Customized supported employment plan,66,Average,82
894,Ethan Johnson,971586937650,ethan.johnson.894@example.com,Ravi Reddy,971528000000,"Handicrafts, Assembly & packing, Bookkeeping",Intellectual,Mild intellectual disability,24,Filipino,"Life skills & mobility training, Soft skills & communication, Retail operations",IT & Digital,Studying,Freelance / Self-employed,Supported employment with job coach,60,Average,90
895,Noah Clark,971552922666,noah.clark.895@example.com,Majid Al Mazroui,971564000000,"Transcription, Data entry, Admin assistance",Visual,Low vision,51,American,"Special education support, Project-based training (3 months)",Administration,Unemployed,Not currently enrolled or employed,IT roles with screen-reader support,69,Average,116
896,Neha Varma,971549777265,neha.varma.896@example.com,Mia Davis,971541000000,"Retail cashier, IT support, Admin assistance",Hearing,Deaf,17,Other,,Technical Repair,Freelance,Not currently enrolled or employed,On-site assembly/packing,36,Needs Support,101
897,Latifa Al Qubaisi,971529129565,latifa.al.qubaisi.897@example.com,Mason Hall,971551000000,Data entry,Multiple,Multiple disabilities,57,Indian,Data entry,Handicrafts & Art,Vocational training,Freelance / Self-employed,Customized supported employment plan,62,Average,108
898,Sara Al Ali,971527570302,sara.al.ali.898@example.com,Anjali Singh,971503000000,Security,Intellectual,Moderate intellectual disability,33,Emirati,"Customer service, Vocational tailoring",Retail,Studying,Online training - Coursera,Supported employment with job coach,68,Average,90
899,Reema Singh,971588062007,reema.singh.899@example.com,Anjali Nair,971524000000,"Retail cashier, Data entry, Warehouse assistant",Intellectual,Moderate intellectual disability,39,Emirati,"Graphic design, Data entry, Bookkeeping",Education Support,Freelance,Not currently enrolled or employed,Hospitality support roles with routines,60,Average,90
900,Yusuf Al Hammadi,971527406873,yusuf.al.hammadi.900@example.com,Noor Al Mansoori,971543000000,"Kitchen assistant, Content writing",Autism,Autism Spectrum Disorder - High support,50,Egyptian,Data entry,Logistics & Warehouse,Studying,Special Needs Centre Ras Al Khaimah,Supported workplace with routine,81,Good,100
901,Arjun Menon,971548626736,arjun.menon.901@example.com,Ethan Hall,971543000000,"Retail cashier, Bookkeeping, Accounting basics",Intellectual,Moderate intellectual disability,16,Other,"Project-based training (3 months), Life skills & mobility training, Sign language (basic)",Sales & Marketing,Unemployed,Not currently enrolled or employed,Supported employment with job coach,93,Excellent,99
902,Yusuf Al Qubaisi,971585805045,yusuf.al.qubaisi.902@example.com,Priya Thomas,971509000000,Social media management,Mental Health,Chronic mental health condition,16,Emirati,Project-based training (3 months),Data & Analytics,Studying,Technical College Abu Dhabi,Creative/artisan roles,54,Average,81
903,Arjun Thomas,971552954503,arjun.thomas.903@example.com,Anjali Singh,971553000000,"Data entry, Retail cashier, Warehouse assistant",Learning,Dyslexia / learning difficulty,24,Egyptian,,Sales & Marketing,Studying,Company B (Hospitality),Roles with assistive tech (auditory support),37,Needs Support,80
904,Saeed Al Neyadi,971502794337,saeed.al.neyadi.904@example.com,Reema Varma,971521000000,Security,Physical,Mobility impairment (wheelchair user),33,Other,"Vocational tailoring, CNC basics",Creative/Design,Working,Company B (Hospitality),Accessible admin/IT roles,69,Average,106
905,Lucas Johnson,971525108573,lucas.johnson.905@example.com,Kamal Thomas,971586000000,"Graphic design, Gardening, Bookkeeping",Physical,Mobility impairment (wheelchair user),54,Bangladeshi,"Hospitality training, Graphic design",Customer Service,Vocational training,Special Needs Centre Ras Al Khaimah,Accessible admin/IT roles,41,Below Average,110
906,Sophia Williams,971587062728,sophia.williams.906@example.com,Lucas Clark,971524000000,"Assembly & packing, Accounting basics",Learning,Dyslexia / learning difficulty,36,Bangladeshi,"Data entry, Hospitality training, Vocational tailoring",Data & Analytics,Working,Company B (Hospitality),Supervised admin tasks,57,Average,101
907,Kamal Menon,971556209906,kamal.menon.907@example.com,Ravi Balakrishnan,971526000000,Retail cashier,Physical,Limb loss / amputation,43,Jordanian,"Advanced IT (Web dev), Barista & cafe skills",Accounting/Finance,Vocational training,Company C (IT services),Supervised workshop tasks,89,Excellent,110
908,Ali Al Hammadi,971586731234,ali.al.hammadi.908@example.com,Reema Mohan,971568000000,"Tailoring, Bookkeeping",Learning,Dyslexia / learning difficulty,25,Emirati,"Bookkeeping, Retail operations, Advanced IT (Web dev)",Creative/Design,Vocational training,Company B (Hospitality),Roles with assistive tech (auditory support),60,Average,89
909,Arjun Singh,971524275576,arjun.singh.909@example.com,Deepa Balakrishnan,971502000000,"Handicrafts, Retail cashier, Bookkeeping",Visual,Blind / no vision,21,Pakistani,"Project-based training (3 months), Retail operations, Sign language (advanced)",Technical Repair,Unemployed,Not currently enrolled or employed,"Audio-based roles (call center, voice transcription)",32,Needs Support,91
910,Reema Nair,971589771150,reema.nair.910@example.com,Rashid Al Hosani,971588000000,"Web development, Graphic design",Visual,Blind / no vision,26,Pakistani,,Accounting/Finance,Working,Online training - Coursera,IT roles with screen-reader support,61,Average,88
911,Aisha Al Qubaisi,971563691573,aisha.al.qubaisi.911@example.com,Anoop Cherian,971501000000,"Tailoring, Graphic design",Physical,Mobility impairment (wheelchair user),44,Filipino,"Sign language (basic), Advanced IT (Web dev)",Handicrafts & Art,Working,Technical College Abu Dhabi,"Remote/desk roles (customer support, data entry)",63,Average,100
912,Noah Smith,971526838789,noah.smith.912@example.com,Khalid Al Rumaithi,971545000000,"Customer support, Social media management, Data entry",Intellectual,Moderate intellectual disability,41,Emirati,Data entry,Education Support,Vocational training,Company A (Retail),Hospitality support roles with routines,61,Average,92
913,Fatima Al Ali,971582368810,fatima.al.ali.913@example.com,Salma Al Ali,971583000000,IT support,Visual,Blind / no vision,31,Indian,"Vocational tailoring, Customer service",IT & Digital,Studying,Company B (Hospitality),IT roles with screen-reader support,67,Average,105
914,Priya Raj,971520831681,priya.raj.914@example.com,Rahul Reddy,971526000000,"Content writing, Gardening",Visual,Blind / no vision,40,Filipino,"Online freelancing (Upwork), Mobile phone repair",Customer Service,Studying,Technical College Abu Dhabi,"Audio-based roles (call center, voice transcription)",48,Below Average,116
915,Fatima Al Mansoori,971581070716,fatima.al.mansoori.915@example.com,Latifa Al Blooshi,971521000000,IT support,Intellectual,Moderate intellectual disability,16,Pakistani,,Agriculture/Gardening,Working,Freelance / Self-employed,Supported employment with job coach,63,Average,100
916,Zainab Al Falasi,971567296556,zainab.al.falasi.916@example.com,Amelia Johnson,971557000000,"Web development, Assembly & packing",Mental Health,Chronic mental health condition,59,Pakistani,Special education support,Manufacturing,Working,Gulf Vocational Center,Creative/artisan roles,75,Good,102
917,Huda Al Shamsi,971563055737,huda.al.shamsi.917@example.com,Latifa Al Ali,971554000000,"Security, Accounting basics",Physical,Limb loss / amputation,35,Indian,"Mobile phone repair, Sign language (basic), Special education support",IT & Digital,Working,Freelance / Self-employed,"Remote/desk roles (customer support, data entry)",79,Good,103
918,Sara Al Falasi,971521421524,sara.al.falasi.918@example.com,Ravi Balakrishnan,971559000000,"Transcription, Gardening",Multiple,Multiple disabilities,32,Indian,"Special education support, Soft skills & communication, Online freelancing (Upwork)",Technical Repair,Studying,Private School Abu Dhabi,Customized supported employment plan,55,Average,104
919,Ibrahim Raj,971500483793,ibrahim.raj.919@example.com,Salma Al Rumaithi,971522000000,Security,Learning,Dyslexia / learning difficulty,57,Emirati,"Project-based training (3 months), Sign language (advanced)",Handicrafts & Art,Studying,Special Needs Centre Ras Al Khaimah,Roles with assistive tech (auditory support),47,Below Average,101
920,Ali Al Qubaisi,971501872282,ali.al.qubaisi.920@example.com,Aisha Al Ali,971520000000,"Warehouse assistant, Admin assistance",Learning,Dyslexia / learning difficulty,19,British,"Special education support, Online freelancing (Upwork)",Technical Repair,Working,Company C (IT services),Supervised admin tasks,64,Average,97
921,Anjali Varma,971522171148,anjali.varma.921@example.com,Sophia Davis,971548000000,"Warehouse assistant, Assembly & packing, Bookkeeping",Intellectual,Mild intellectual disability,20,Indian,,Education Support,Studying,Higher Learning Dubai,"Structured vocational roles (assembly, packaging)",63,Average,77
922,Priya Varma,971552616949,priya.varma.922@example.com,Omar Al Ali,971561000000,Customer support,Autism,Autism Spectrum Disorder - Low support,19,Indian,,Data & Analytics,Studying,Technical College Abu Dhabi,Creative/design with clear briefs,56,Average,101
923,Omar Al Blooshi,971522163361,omar.al.blooshi.923@example.com,Olivia Brown,971560000000,Bookkeeping,Hearing,Hard of hearing,60,Filipino,"Vocational tailoring, Retail operations, Bookkeeping",Manufacturing,Working,Community College Sharjah,Back-office admin roles,67,Average,87
924,Yusuf Al Neyadi,971589981274,yusuf.al.neyadi.924@example.com,Olivia Allen,971582000000,Warehouse assistant,Physical,Limb loss / amputation,54,Egyptian,,Sales & Marketing,Unemployed,Not currently enrolled or employed,Accessible admin/IT roles,83,Good,89
925,Lucas Johnson,971502360186,lucas.johnson.925@example.com,Mariam Al Mansoori,971544000000,Tailoring,Physical,Limb loss / amputation,36,Indian,Basic IT (MS Office),Technical Repair,Unemployed,Not currently enrolled or employed,Accessible admin/IT roles,79,Good,105
926,Kamal Menon,971585909645,kamal.menon.926@example.com,Amelia Hall,971552000000,"Handicrafts, Warehouse assistant, Graphic design",Mental Health,Chronic mental health condition,22,Indian,"Warehouse operations, Soft skills & communication, Graphic design",Hospitality,Unemployed,Not currently enrolled or employed,Flexible hours roles (remote work),55,Average,121
927,Mia Williams,971557072173,mia.williams.927@example.com,Anjali Thomas,971524000000,Assembly & packing,Autism,Autism Spectrum Disorder - High support,30,Bangladeshi,Vocational tailoring,Accounting/Finance,Studying,Community College Sharjah,Creative/design with clear briefs,47,Below Average,111
928,Emma Hall,971504442484,emma.hall.928@example.com,Ahmed Al Muhairi,971584000000,IT support,Intellectual,Mild intellectual disability,38,Egyptian,"Graphic design, Barista & cafe skills, Mobile phone repair",Handicrafts & Art,Studying,Company C (IT services),Supported employment with job coach,80,Good,91
929,Omar Al Blooshi,971529891370,omar.al.blooshi.929@example.com,Ali Al Mansoori,971525000000,Data entry,Multiple,Multiple disabilities,20,Egyptian,Barista & cafe skills,Education Support,Working,Special Needs Centre Ras Al Khaimah,Customized supported employment plan,85,Excellent,96
930,Rashid Al Qubaisi,971520237666,rashid.al.qubaisi.930@example.com,Farah Reddy,971562000000,Graphic design,Intellectual,Mild intellectual disability,21,Pakistani,Project-based training (3 months),Sales & Marketing,Studying,Company C (IT services),"Structured vocational roles (assembly, packaging)",69,Average,103
931,Sanjay Nair,971542406628,sanjay.nair.931@example.com,Sanjay Reddy,971523000000,Content writing,Hearing,Hard of hearing,29,Indian,"Mobile phone repair, Data entry, Advanced IT (Web dev)",Logistics & Warehouse,Working,Community College Sharjah,On-site assembly/packing,62,Average,109
932,Salma Al Rumaithi,971562692855,salma.al.rumaithi.932@example.com,Hessa Al Neyadi,971541000000,"Data entry, Bookkeeping",Hearing,Deaf,54,Indian,"Project-based training (3 months), Mobile phone repair, Bookkeeping",Manufacturing,Studying,Company C (IT services),"Visual roles (data entry, graphic design)",76,Good,79
933,Mia Davis,971540471883,mia.davis.933@example.com,Rashid Al Qubaisi,971544000000,"Security, Content writing, Assembly & packing",Hearing,Hard of hearing,55,Filipino,"CNC basics, Special education support, Life skills & mobility training",Agriculture/Gardening,Vocational training,Company A (Retail),"Visual roles (data entry, graphic design)",84,Good,80
934,Aisha Al Shamsi,971580690149,aisha.al.shamsi.934@example.com,Fatima Al Hosani,971504000000,"Warehouse assistant, Data entry, Tailoring",Intellectual,Moderate intellectual disability,38,Indian,,Logistics & Warehouse,Unemployed,Not currently enrolled or employed,Supported employment with job coach,80,Good,113
935,Emma Davis,971554492343,emma.davis.935@example.com,Sophia Allen,971587000000,"Assembly & packing, Gardening",Speech,Speech impairment,17,Filipino,Online freelancing (Upwork),Manufacturing,Working,Gulf Vocational Center,Graphic design/creative roles,48,Below Average,95
936,Sanjay Nair,971528617892,sanjay.nair.936@example.com,Mia Brown,971540000000,Security,Multiple,Multiple disabilities,47,Indian,"Soft skills & communication, Graphic design",Sales & Marketing,Working,Online training - Coursera,Customized supported employment plan,48,Below Average,97
937,Sanjay Balakrishnan,971526806358,sanjay.balakrishnan.937@example.com,Ahmed Al Rumaithi,971521000000,"Handicrafts, Data entry, Retail cashier",Intellectual,Mild intellectual disability,54,Indian,"Customer service, Online freelancing (Upwork)",Customer Service,Working,Private School Abu Dhabi,Supported employment with job coach,60,Average,109
938,Khalid Al Falasi,971546203634,khalid.al.falasi.938@example.com,Noor Al Neyadi,971589000000,"Web development, Handicrafts, Bookkeeping",Visual,Blind / no vision,22,Pakistani,"CNC basics, Mobile phone repair",Hospitality,Working,Not currently enrolled or employed,"Audio-based roles (call center, voice transcription)",84,Good,116
939,Salma Al Hosani,971554457762,salma.al.hosani.939@example.com,Farah Nair,971554000000,"Sales support, Tailoring, Social media management",Autism,Autism Spectrum Disorder - Low support,51,American,"Retail operations, Data entry, Bookkeeping",Sales & Marketing,Studying,Special Needs Centre Ras Al Khaimah,Supported workplace with routine,56,Average,97
940,Neha Balakrishnan,971543774037,neha.balakrishnan.940@example.com,Yusuf Al Ali,971554000000,"Admin assistance, Kitchen assistant, Handicrafts",Intellectual,Moderate intellectual disability,38,Emirati,"Graphic design, Project-based training (3 months)",Manufacturing,Unemployed,Not currently enrolled or employed,"Structured vocational roles (assembly, packaging)",39,Needs Support,90
941,Arjun Kumar,971569000940,arjun.kumar.941@example.com,Priya Reddy,971548000000,"Kitchen assistant, Bookkeeping",Autism,Autism Spectrum Disorder - High support,37,Filipino,"Vocational tailoring, Sign language (basic)",Creative/Design,Vocational training,Private School Abu Dhabi,Creative/design with clear briefs,79,Good,119
942,Liam Smith,971547091103,liam.smith.942@example.com,Amelia Taylor,971526000000,Graphic design,Autism,Autism Spectrum Disorder - Low support,41,Bangladeshi,,Sales & Marketing,Unemployed,Not currently enrolled or employed,Supported workplace with routine,46,Below Average,92
943,Sara Al Mansoori,971556144776,sara.al.mansoori.943@example.com,Mason Davis,971567000000,"Transcription, Web development",Learning,Dyslexia / learning difficulty,57,British,,Accounting/Finance,Working,Gulf Vocational Center,Supervised admin tasks,64,Average,103
944,Mariam Al Qubaisi,971540891423,mariam.al.qubaisi.944@example.com,Anjali Thomas,971529000000,"Transcription, Assembly & packing, Accounting basics",Hearing,Hard of hearing,46,Egyptian,Graphic design,Handicrafts & Art,Studying,Higher Learning Dubai,"Visual roles (data entry, graphic design)",52,Average,105
945,Mason Davis,971550474733,mason.davis.945@example.com,Reema Singh,971548000000,Handicrafts,Multiple,Multiple disabilities,35,Bangladeshi,"Project-based training (3 months), Data entry",Handicrafts & Art,Studying,Not currently enrolled or employed,Customized supported employment plan,57,Average,99
946,Noah Williams,971528735186,noah.williams.946@example.com,Omar Al Shamsi,971541000000,"Content writing, Kitchen assistant",Learning,Dyslexia / learning difficulty,28,Emirati,Data entry,Technical Repair,Freelance,Not currently enrolled or employed,Supervised admin tasks,73,Good,100
947,Kamal Singh,971543988521,kamal.singh.947@example.com,Deepa Varma,971550000000,"Kitchen assistant, Content writing",Visual,Low vision,51,Other,,Education Support,Working,Company C (IT services),"Audio-based roles (call center, voice transcription)",58,Average,98
948,Khalid Al Hosani,971563489180,khalid.al.hosani.948@example.com,Arjun Mohan,971505000000,"Kitchen assistant, Gardening, Admin assistance",Hearing,Hard of hearing,26,Emirati,Advanced IT (Web dev),Creative/Design,Vocational training,Higher Learning Dubai,"Visual roles (data entry, graphic design)",63,Average,95
949,Saeed Al Muhairi,971553411461,saeed.al.muhairi.949@example.com,Fatima Al Blooshi,971586000000,"Retail cashier, Data entry",Physical,Mobility impairment (wheelchair user),28,Emirati,"CNC basics, Life skills & mobility training, Graphic design",Sales & Marketing,Unemployed,Not currently enrolled or employed,"Remote/desk roles (customer support, data entry)",61,Average,119
950,Farah Thomas,971555984557,farah.thomas.950@example.com,Yusuf Al Neyadi,971585000000,"Tailoring, Social media management, Warehouse assistant",Autism,Autism Spectrum Disorder - Low support,22,Emirati,Advanced IT (Web dev),Education Support,Working,Higher Learning Dubai,Supported workplace with routine,73,Good,96
951,Emma Smith,971551669100,emma.smith.951@example.com,Mason Johnson,971524000000,Graphic design,Multiple,Multiple disabilities,48,Other,"Retail operations, Warehouse operations, Vocational tailoring",Sales & Marketing,Unemployed,Not currently enrolled or employed,Customized supported employment plan,75,Good,95
952,Amelia Davis,971520834791,amelia.davis.952@example.com,Anjali Varma,971563000000,Accounting basics,Learning,Dyslexia / learning difficulty,45,Emirati,Basic IT (MS Office),IT & Digital,Freelance,Not currently enrolled or employed,Hands-on vocational work,82,Good,104
953,Reema Patel,971565972438,reema.patel.953@example.com,Ravi Nair,971565000000,"Data entry, Web development, Content writing",Learning,Dyslexia / learning difficulty,48,American,"Basic IT (MS Office), Warehouse operations, Advanced IT (Web dev)",Handicrafts & Art,Vocational training,Gulf Vocational Center,Roles with assistive tech (auditory support),63,Average,105
954,Yusuf Al Blooshi,971524747695,yusuf.al.blooshi.954@example.com,Rashid Al Mazroui,971542000000,Security,Mental Health,Chronic mental health condition,32,Emirati,"Retail operations, Mobile phone repair",Data & Analytics,Studying,Company B (Hospitality),Creative/artisan roles,41,Below Average,86
955,Kamal Mohan,971556569931,kamal.mohan.955@example.com,Mohammed Al Falasi,971582000000,"Sales support, Gardening",Autism,Autism Spectrum Disorder - High support,40,Emirati,"CNC basics, Graphic design",Data & Analytics,Vocational training,Technical College Abu Dhabi,"IT & structured tasks (data, QA)",47,Below Average,101
956,Arjun Varma,971504895382,arjun.varma.956@example.com,Amelia Jones,971542000000,Transcription,Hearing,Deaf,30,Indian,Special education support,Manufacturing,Unemployed,Not currently enrolled or employed,Back-office admin roles,90,Excellent,126
957,Khalid Al Hammadi,971509532670,khalid.al.hammadi.957@example.com,Ethan Hall,971529000000,"Transcription, Accounting basics, Gardening",Autism,Autism Spectrum Disorder - Low support,26,Indian,Life skills & mobility training,Technical Repair,Studying,Higher Learning Dubai,Supported workplace with routine,74,Good,106
958,Salma Al Blooshi,971520688568,salma.al.blooshi.958@example.com,Rahul Reddy,971557000000,"Social media management, Gardening",Hearing,Deaf,51,Emirati,"Special education support, Online freelancing (Upwork)",Manufacturing,Studying,Online training - Coursera,On-site assembly/packing,37,Needs Support,93
959,Ravi Cherian,971545592897,ravi.cherian.959@example.com,Sara Al Mansoori,971501000000,"IT support, Sales support, Assembly & packing",Hearing,Deaf,23,Bangladeshi,"Barista & cafe skills, Sign language (advanced)",Handicrafts & Art,Vocational training,Community College Sharjah,On-site assembly/packing,53,Average,92
960,Zainab Al Hammadi,971554196789,zainab.al.hammadi.960@example.com,Ahmed Al Mazroui,971564000000,Warehouse assistant,Speech,Speech impairment,28,Bangladeshi,"Customer service, Vocational tailoring, Data entry",Retail,Studying,Special Needs Centre Ras Al Khaimah,Graphic design/creative roles,62,Average,94
961,Arjun Patel,971529276680,arjun.patel.961@example.com,Kamal Patel,971550000000,Warehouse assistant,Visual,Blind / no vision,35,Pakistani,CNC basics,Accounting/Finance,Studying,Company B (Hospitality),"Tactile/vocational roles (tailoring, assembly)",35,Needs Support,108
962,Omar Al Hosani,971545446053,omar.al.hosani.962@example.com,Farah Reddy,971510000000,"Handicrafts, Security, Retail cashier",Visual,Low vision,19,Filipino,,Hospitality,Vocational training,Gulf Vocational Center,IT roles with screen-reader support,48,Below Average,102
963,Priya Reddy,971552850215,priya.reddy.963@example.com,Olivia Hall,971521000000,"Social media management, Handicrafts",Physical,Limb loss / amputation,26,Indian,"Warehouse operations, Online freelancing (Upwork)",Sales & Marketing,Working,Special Needs Centre Ras Al Khaimah,Supervised workshop tasks,96,Excellent,88
964,Sara Al Ali,971560751991,sara.al.ali.964@example.com,Ravi Cherian,971556000000,Warehouse assistant,Physical,Limb loss / amputation,35,Filipino,Hospitality training,Education Support,Freelance,Not currently enrolled or employed,Supervised workshop tasks,30,Needs Support,96
965,Kamal Menon,971523859747,kamal.menon.965@example.com,Zainab Al Falasi,971526000000,"Handicrafts, Retail cashier, Bookkeeping",Hearing,Hard of hearing,55,Indian,"Life skills & mobility training, Online freelancing (Upwork), Special education support",Hospitality,Working,Private School Abu Dhabi,Back-office admin roles,81,Good,123
966,Ali Al Rumaithi,971509490763,ali.al.rumaithi.966@example.com,Aisha Al Blooshi,971526000000,"Social media management, Admin assistance, Gardening",Physical,Limb loss / amputation,23,Other,Bookkeeping,Agriculture/Gardening,Freelance,Not currently enrolled or employed,"Remote/desk roles (customer support, data entry)",46,Below Average,105
967,Reema Menon,971548722557,reema.menon.967@example.com,Sophia Davis,971541000000,"Kitchen assistant, Admin assistance, Handicrafts",Intellectual,Mild intellectual disability,50,Indian,"Customer service, Sign language (advanced)",Creative/Design,Studying,Community College Sharjah,Supported employment with job coach,58,Average,98
968,Ahmed Al Hammadi,971589579475,ahmed.al.hammadi.968@example.com,Emma Davis,971550000000,"Retail cashier, Admin assistance, Data entry",Visual,Low vision,31,Emirati,"Basic IT (MS Office), CNC basics",Hospitality,Working,Company C (IT services),"Tactile/vocational roles (tailoring, assembly)",100,Excellent,81
969,Ravi Patel,971587973418,ravi.patel.969@example.com,Saeed Al Qubaisi,971541000000,Tailoring,Physical,Mobility impairment (wheelchair user),23,Indian,"Hospitality training, Basic IT (MS Office), Graphic design",Customer Service,Working,Freelance / Self-employed,"Remote/desk roles (customer support, data entry)",68,Average,105
970,Anjali Singh,971550679490,anjali.singh.970@example.com,Anoop Thomas,971563000000,Transcription,Physical,Limb loss / amputation,39,Pakistani,"CNC basics, Warehouse operations, Sign language (advanced)",Manufacturing,Freelance,Not currently enrolled or employed,Accessible admin/IT roles,81,Good,101
971,Arjun Varma,971585896070,arjun.varma.971@example.com,Neha Mohan,971563000000,Social media management,Speech,Speech impairment,28,Filipino,Advanced IT (Web dev),Agriculture/Gardening,Working,Special Needs Centre Ras Al Khaimah,"Back-office roles (data entry, admin)",69,Average,95
972,Sanjay Balakrishnan,971526635796,sanjay.balakrishnan.972@example.com,Fatima Al Rumaithi,971548000000,"Kitchen assistant, Transcription",Speech,Speech impairment,39,Syrian,Warehouse operations,Creative/Design,Studying,Gulf Vocational Center,IT & digital work,69,Average,95
973,Yusuf Al Neyadi,971587941288,yusuf.al.neyadi.973@example.com,Rashid Al Hosani,971502000000,IT support,Hearing,Deaf,26,Bangladeshi,"Life skills & mobility training, Special education support, Customer service",Creative/Design,Working,Company C (IT services),On-site assembly/packing,74,Good,95
974,Saeed Al Shamsi,971544653255,saeed.al.shamsi.974@example.com,Fatima Al Hosani,971562000000,"Warehouse assistant, Web development, Customer support",Visual,Blind / no vision,48,Other,Life skills & mobility training,Creative/Design,Vocational training,Company B (Hospitality),"Audio-based roles (call center, voice transcription)",70,Good,99
975,Arjun Cherian,971526841847,arjun.cherian.975@example.com,Ethan Davis,971582000000,IT support,Visual,Blind / no vision,31,Indian,,Retail,Working,Company B (Hospitality),"Audio-based roles (call center, voice transcription)",81,Good,99
976,Liam Williams,971508764770,liam.williams.976@example.com,Anjali Reddy,971588000000,"Assembly & packing, Sales support",Visual,Low vision,54,Indian,,Sales & Marketing,Working,Higher Learning Dubai,"Tactile/vocational roles (tailoring, assembly)",38,Needs Support,115
977,Noor Al Ali,971568680418,noor.al.ali.977@example.com,Rashid Al Neyadi,971503000000,Gardening,Autism,Autism Spectrum Disorder - Low support,43,Indian,,Education Support,Studying,Not currently enrolled or employed,Supported workplace with routine,51,Average,92
978,Deepa Menon,971506490970,deepa.menon.978@example.com,Ali Al Blooshi,971522000000,Handicrafts,Mental Health,Chronic mental health condition,39,Pakistani,"Life skills & mobility training, Customer service, Warehouse operations",Customer Service,Freelance,Not currently enrolled or employed,Supportive workplace (part-time),56,Average,116
979,Aisha Al Blooshi,971521936252,aisha.al.blooshi.979@example.com,Ahmed Al Muhairi,971522000000,Tailoring,Hearing,Deaf,33,Pakistani,Sign language (basic),Data & Analytics,Freelance,Not currently enrolled or employed,Back-office admin roles,32,Needs Support,137
980,Majid Al Mansoori,971529106573,majid.al.mansoori.980@example.com,Sophia Brown,971555000000,"Graphic design, Retail cashier, Customer support",Physical,Limb loss / amputation,17,British,,Retail,Freelance,Not currently enrolled or employed,"Remote/desk roles (customer support, data entry)",80,Good,102
981,Rashid Al Blooshi,971548979903,rashid.al.blooshi.981@example.com,Mariam Al Shamsi,971508000000,Gardening,Hearing,Deaf,42,Pakistani,"Graphic design, Customer service",Handicrafts & Art,Freelance,Not currently enrolled or employed,Back-office admin roles,64,Average,103
982,Saeed Al Hosani,971554838953,saeed.al.hosani.982@example.com,Huda Al Ali,971542000000,"Bookkeeping, Retail cashier",Multiple,Multiple disabilities,19,Emirati,"Special education support, CNC basics",Sales & Marketing,Vocational training,Online training - Coursera,Customized supported employment plan,72,Good,107
983,Mia Williams,971503324967,mia.williams.983@example.com,Omar Al Mansoori,971525000000,"Admin assistance, Handicrafts, IT support",Multiple,Multiple disabilities,18,Filipino,,Manufacturing,Working,Community College Sharjah,Customized supported employment plan,73,Good,101
984,Noah Clark,971507995947,noah.clark.984@example.com,Aisha Al Hosani,971501000000,"Assembly & packing, Warehouse assistant",Hearing,Deaf,34,Egyptian,"Customer service, Soft skills & communication, CNC basics",Retail,Studying,Freelance / Self-employed,Back-office admin roles,62,Average,98
985,Majid Al Blooshi,971540390984,majid.al.blooshi.985@example.com,Lucas Hall,971526000000,"Graphic design, Handicrafts",Visual,Low vision,57,Egyptian,Mobile phone repair,Data & Analytics,Working,Technical College Abu Dhabi,IT roles with screen-reader support,62,Average,113
986,Maya Cherian,971557957039,maya.cherian.986@example.com,Reema Reddy,971526000000,Admin assistance,Physical,Limb loss / amputation,58,Syrian,Retail operations,Hospitality,Studying,Company C (IT services),Accessible admin/IT roles,73,Good,64
987,Mohammed Al Falasi,971562432333,mohammed.al.falasi.987@example.com,Ali Al Neyadi,971569000000,"Gardening, Social media management",Multiple,Multiple disabilities,17,Bangladeshi,Basic IT (MS Office),Education Support,Vocational training,Freelance / Self-employed,Customized supported employment plan,74,Good,102
988,Saeed Al Shamsi,971566529412,saeed.al.shamsi.988@example.com,Arjun Cherian,971580000000,"Bookkeeping, IT support",Hearing,Deaf,34,Pakistani,,Agriculture/Gardening,Vocational training,Company B (Hospitality),"Visual roles (data entry, graphic design)",64,Average,95
989,Zainab Al Blooshi,971542805376,zainab.al.blooshi.989@example.com,Sanjay Nair,971545000000,Accounting basics,Learning,Dyslexia / learning difficulty,44,Pakistani,,Administration,Unemployed,Not currently enrolled or employed,Roles with assistive tech (auditory support),81,Good,111
990,Salma Al Hosani,971550195866,salma.al.hosani.990@example.com,Amelia Allen,971583000000,"Graphic design, Social media management, Accounting basics",Autism,Autism Spectrum Disorder - High support,47,Emirati,"Special education support, Retail operations",Data & Analytics,Working,Company C (IT services),"IT & structured tasks (data, QA)",53,Average,104
991,Rahul Balakrishnan,971554416033,rahul.balakrishnan.991@example.com,Kamal Mohan,971561000000,"Graphic design, Web development",Visual,Low vision,49,Indian,,Retail,Vocational training,Not currently enrolled or employed,IT roles with screen-reader support,50,Average,83
992,Anjali Singh,971587545416,anjali.singh.992@example.com,Omar Al Qubaisi,971521000000,Kitchen assistant,Hearing,Deaf,57,Jordanian,Warehouse operations,Sales & Marketing,Vocational training,Company A (Retail),On-site assembly/packing,55,Average,110
993,Mohammed Al Neyadi,971526078548,mohammed.al.neyadi.993@example.com,Olivia Williams,971510000000,"Data entry, Assembly & packing, Customer support",Visual,Blind / no vision,41,Pakistani,,Creative/Design,Working,Company A (Retail),IT roles with screen-reader support,79,Good,106
994,Ali Al Falasi,971551485819,ali.al.falasi.994@example.com,Anjali Singh,971540000000,Kitchen assistant,Learning,Dyslexia / learning difficulty,24,Emirati,,Agriculture/Gardening,Studying,Higher Learning Dubai,Hands-on vocational work,75,Good,106
995,Zainab Al Muhairi,971523297049,zainab.al.muhairi.995@example.com,Arjun Cherian,971566000000,Graphic design,Learning,Dyslexia / learning difficulty,39,American,"Sign language (basic), CNC basics, Graphic design",Handicrafts & Art,Vocational training,Technical College Abu Dhabi,Supervised admin tasks,55,Average,105
996,Sara Al Mansoori,971581424873,sara.al.mansoori.996@example.com,Neha Reddy,971526000000,"Admin assistance, Bookkeeping",Visual,Low vision,35,Filipino,"CNC basics, Online freelancing (Upwork), Vocational tailoring",Technical Repair,Unemployed,Not currently enrolled or employed,"Tactile/vocational roles (tailoring, assembly)",77,Good,109
997,Noor Al Neyadi,971585497872,noor.al.neyadi.997@example.com,Reema Reddy,971547000000,Tailoring,Multiple,Multiple disabilities,59,Filipino,,Data & Analytics,Unemployed,Not currently enrolled or employed,Customized supported employment plan,82,Good,108
998,Latifa Al Hammadi,971504247960,latifa.al.hammadi.998@example.com,Asha Kumar,971564000000,"Accounting basics, Security",Visual,Blind / no vision,46,Indian,"Customer service, Project-based training (3 months), Retail operations",Handicrafts & Art,Vocational training,Technical College Abu Dhabi,"Audio-based roles (call center, voice transcription)",70,Good,112
999,Mariam Al Neyadi,971509140152,mariam.al.neyadi.999@example.com,Ravi Thomas,971507000000,Data entry,Intellectual,Moderate intellectual disability,37,Indian,,Logistics & Warehouse,Working,Company C (IT services),"Structured vocational roles (assembly, packaging)",64,Average,89
1000,Saeed Al Qubaisi,971564742298,saeed.al.qubaisi.1000@example.com,Reema Menon,971526000000,Accounting basics,Hearing,Deaf,31,British,Mobile phone repair,Data & Analytics,Freelance,Not currently enrolled or employed,Back-office admin roles,62,Average,91
